net,length_um
net545,572.11µm
net409,443.13µm
net405,437.025µm
net478,434.09µm
net493,419.065µm
net450,416.51µm
net471,411.14µm
clknet_0_clk,408.75µm
net453,403.805µm
clknet_2_1__leaf_clk,400.405µm
net464,399.465µm
net469,397.775µm
net519,391.89µm
net407,385.295µm
net265,380.695µm
net448,379.11µm
net514,379.05µm
net470,377.48µm
net520,375.975µm
net511,373.74µm
net272,369.11µm
net481,368.62µm
net473,366.585µm
net136,366.37µm
net611,365.195µm
clknet_2_3__leaf_clk,364.06µm
net455,361.515µm
net476,360.27µm
net416,359.72µm
net475,357.955µm
net500,355.36µm
net447,354.2µm
net589,346.945µm
net579,345.11µm
net442,335.085µm
net414,331.12µm
net591,330.305µm
net284,330.12µm
net482,325.765µm
net543,325.66µm
net433,325.145µm
net516,324.62µm
net97,322.545µm
clknet_2_0__leaf_clk,320.99µm
clk,320.7µm
net268,320.03µm
net580,319.96µm
net350,316.005µm
net45,312.97µm
net474,310.08µm
net513,307.615µm
net241,307.05µm
net460,306.275µm
net480,306.15µm
net427,305.555µm
net468,305.505µm
net472,304.18µm
net577,301.435µm
net462,301.32µm
net231,301.3µm
net466,300.91µm
_0840_,300.155µm
_0992_,299.185µm
net465,298.48µm
net137,298.105µm
net130,297.33µm
net249,297.215µm
net444,297.13µm
net267,297.035µm
net569,297.025µm
net299,296.09µm
net432,293.47µm
net583,293.21µm
net269,292.68µm
net441,292.6µm
net504,292.375µm
net258,292.025µm
net422,291.53µm
net230,290.68µm
net236,289.73µm
net266,289.595µm
net503,288.455µm
net160,288.365µm
net435,288.17µm
net247,288.165µm
net609,287.63µm
_0629_,286.015µm
net439,286.01µm
net499,285.755µm
clknet_2_2__leaf_clk,284.955µm
net456,284.82µm
net457,284.665µm
net490,283.755µm
net244,283.23µm
net454,283.095µm
net486,283.07µm
net489,282.57µm
_0613_,282.39µm
net262,280.885µm
net239,280.515µm
net443,280.445µm
net484,280.315µm
net449,279.965µm
net390,279.83µm
_1232_,279.24µm
net477,279.055µm
net329,278.47µm
net461,278.355µm
net253,277.79µm
net485,277.265µm
net598,276.47µm
net446,274.49µm
net281,274.25µm
net277,273.89µm
_2513_,273.595µm
net246,271.685µm
net264,271.11µm
net501,270.73µm
net458,269.025µm
net365,268.975µm
net463,268.23µm
_2152_,268.09µm
net491,267.705µm
net565,267.05µm
net451,266.43µm
net243,266.18µm
net429,265.805µm
net607,264.54µm
net147,262.93µm
net48,262.925µm
net245,260.475µm
net261,260.465µm
_0949_,260.285µm
net263,259.115µm
_0554_,258.77µm
net286,257.8µm
net287,255.935µm
net278,254.825µm
net240,254.16µm
net275,253.725µm
net452,253.725µm
net487,252.345µm
net434,251.655µm
net234,251.32µm
net502,250.79µm
net248,250.195µm
_1523_,250.19µm
net515,250.13µm
net366,249.75µm
net508,248.225µm
_0969_,247.27µm
net280,246.975µm
net251,246.54µm
net270,246.015µm
_0609_,245.14µm
net438,244.65µm
net38,242.77µm
net250,242.595µm
net237,242.56µm
net235,241.3µm
net510,241.17µm
net238,240.855µm
_1687_,239.76µm
net274,239.315µm
net418,239.125µm
_1119_,238.845µm
net271,236.795µm
net152,235.855µm
_2028_,235.66µm
net518,235.655µm
net391,234.9µm
net392,232.705µm
net575,231.645µm
_2024_,228.7µm
net140,228.43µm
net495,227.91µm
net259,227.75µm
net506,227.52µm
net143,226.895µm
_0550_,226.39µm
net256,226.08µm
_0881_,225.3µm
net578,225.05µm
net368,224.92µm
net331,223.235µm
net135,222.73µm
_1943_,222.565µm
net424,222.335µm
net492,219.975µm
_0553_,219.615µm
net601,218.335µm
net440,218.115µm
net430,217.635µm
net288,216.58µm
_1055_,215.91µm
net505,215.39µm
net395,215.385µm
net161,214.655µm
net610,214.52µm
net423,214.41µm
net479,214.145µm
net232,214.07µm
_1922_,213.43µm
net421,213.29µm
net437,213.15µm
net260,212.07µm
clknet_leaf_17_clk,211.945µm
_2011_,211.16µm
_0575_,210.32µm
net145,210.105µm
_1138_,210.04µm
net389,207.665µm
_1289_,206.82µm
net600,206.78µm
net141,204.725µm
net459,204.385µm
_1642_,203.365µm
net420,203.24µm
_1663_,202.035µm
net273,202.01µm
net497,201.495µm
net410,201.305µm
net509,199.14µm
net285,197.81µm
net233,197.11µm
net146,196.725µm
net559,196.495µm
net498,196.235µm
net517,196.11µm
_1752_,195.57µm
net37,195.495µm
_1502_,193.725µm
net602,192.8µm
clknet_leaf_3_clk,192.645µm
_1097_,191.505µm
_1494_,190.81µm
net33,190.76µm
_1194_,190.53µm
_1032_,190.365µm
net254,190µm
net467,189.465µm
clknet_leaf_14_clk,187.37µm
_0642_,186.97µm
net328,186.785µm
_1337_,186.61µm
net327,186.48µm
net488,186.07µm
net330,185.95µm
_1852_,185.455µm
clknet_leaf_13_clk,185.425µm
net42,183.745µm
_0598_,182.24µm
net364,182.18µm
net594,181.37µm
_1875_,181.3µm
net196,180.945µm
clknet_leaf_21_clk,180.53µm
net402,180.27µm
_1073_,179.365µm
_1250_,178.71µm
net144,178.5µm
_0617_,178.41µm
_1536_,178.33µm
net138,178.19µm
net417,177.755µm
_0585_,177.61µm
_0607_,177.42µm
net388,176.305µm
_1897_,176.12µm
clknet_leaf_12_clk,175.865µm
net132,175.445µm
_0939_,174.635µm
net428,174.49µm
_0695_,174.41µm
net332,174.32µm
_0784_,174.205µm
net397,173.97µm
net408,173.18µm
net43,172.55µm
net568,171.855µm
net257,171.26µm
_1706_,170.605µm
clknet_leaf_10_clk,170.365µm
clknet_leaf_8_clk,170.125µm
clknet_leaf_4_clk,169.435µm
net255,169.395µm
net605,169.135µm
net393,167.715µm
clknet_leaf_0_clk,167.31µm
_0630_,167.24µm
net347,166.7µm
net592,166.57µm
net436,166.52µm
_1830_,166.03µm
net44,165.7µm
clknet_leaf_15_clk,165.245µm
_1202_,165.215µm
net512,165.155µm
_1774_,164.93µm
net419,164.665µm
net595,164.105µm
net139,162.07µm
_0618_,161.98µm
net415,161.79µm
clknet_leaf_11_clk,160.89µm
net588,160.715µm
_1014_,160.32µm
clknet_leaf_5_clk,159.855µm
net154,159.47µm
net556,158.965µm
net142,158.875µm
net156,158.725µm
net40,158.575µm
net532,158.125µm
net322,157.715µm
clknet_leaf_18_clk,157.395µm
net507,157.135µm
_0546_,157.12µm
clknet_leaf_2_clk,156.905µm
_1735_,156.59µm
_0599_,155.435µm
clknet_leaf_19_clk,154.85µm
_0769_,154.69µm
net539,154.455µm
_1372_,153.37µm
_0809_,152.82µm
_1323_,152.025µm
net494,151.985µm
net306,151.59µm
net425,151.15µm
_0568_,150.46µm
_0592_,149.525µm
net148,149.165µm
net496,148.8µm
_1184_,148.64µm
_0497_,148.31µm
net445,148.015µm
_1249_,147.35µm
_0947_,147.295µm
_2046_,147.08µm
_0808_,146.48µm
_0711_,146.46µm
net115,146.22µm
net114,146.11µm
clknet_leaf_20_clk,145.49µm
_1355_,144.89µm
_0727_,144.615µm
clknet_leaf_7_clk,144.6µm
_1578_,144.38µm
_1158_,143.515µm
_0561_,142.1µm
_2090_,141.98µm
net41,141.735µm
_0606_,141.465µm
_0501_,141.09µm
net157,140.59µm
net587,140.37µm
_1660_,139.935µm
net339,139.715µm
net336,139.035µm
net338,139.035µm
net104,139.01µm
net431,138.34µm
clknet_leaf_9_clk,138.16µm
_0712_,138.06µm
_1983_,137.785µm
net309,137.765µm
net558,137.49µm
_0888_,137.235µm
net542,137.235µm
net376,137.195µm
net384,137.12µm
_0662_,136.79µm
net599,136.44µm
_1284_,136.355µm
_2083_,135.865µm
net585,135.74µm
clknet_leaf_1_clk,135.455µm
net105,135.44µm
net530,134.81µm
_0876_,134.305µm
_2524_,134.08µm
net527,134.02µm
_0822_,133.8µm
net326,133.48µm
net276,133.435µm
clknet_leaf_6_clk,131.65µm
net606,131.4µm
net564,131.11µm
net378,130.895µm
_2100_,130.4µm
_0678_,130.26µm
_0504_,130.15µm
net406,128.87µm
net381,128.83µm
net337,128.68µm
net394,128.375µm
net537,128.325µm
net550,127.795µm
_1215_,127.42µm
net382,126.44µm
net612,126.185µm
_1684_,125.97µm
_1266_,125.21µm
net581,125.185µm
net361,124.94µm
net55,123.94µm
_0584_,123.585µm
_0552_,123.44µm
net538,123.195µm
_1645_,122.935µm
_0973_,122.765µm
net373,122.6µm
net548,122.43µm
_0668_,122.355µm
_0851_,122.15µm
net401,121.64µm
_2055_,121.52µm
net533,121.375µm
net58,121.31µm
_1622_,121.125µm
net400,120.48µm
_1188_,120.365µm
_0565_,120.23µm
_1572_,120.09µm
_2191_,119.82µm
net526,119.68µm
_1273_,119.4µm
net379,119.28µm
net39,118.77µm
net385,118.09µm
net36,117.85µm
_0892_,117.52µm
net483,117.515µm
_1214_,116.95µm
net540,116.86µm
_2518_,116.81µm
_0856_,116.75µm
net567,116.745µm
clknet_leaf_22_clk,116.65µm
net345,116.235µm
net352,116.035µm
_0772_,115.96µm
net560,115.935µm
net363,114.585µm
_2050_,114.32µm
_1387_,114.235µm
clknet_leaf_16_clk,114.06µm
_0754_,114µm
_0882_,113.16µm
_1584_,113.05µm
net12,112.88µm
net566,112.535µm
net106,112.38µm
net59,112.16µm
_1299_,112.02µm
net554,111.765µm
net531,110.765µm
net529,110.6µm
net360,110.375µm
net110,110.35µm
_0577_,110.33µm
net107,110.23µm
net413,110.175µm
_1176_,109.97µm
_1479_,108.85µm
_1459_,108.635µm
net522,108.08µm
_1443_,107.95µm
net398,107.68µm
net5,107.61µm
_0863_,106.995µm
_1791_,106.81µm
net325,106.505µm
_0773_,106.345µm
_2131_,106.1µm
_0889_,106.08µm
net377,105.75µm
_0594_,105.48µm
_1388_,105.37µm
net335,105.225µm
net356,104.325µm
_0499_,103.93µm
net353,103.81µm
_0948_,103.7µm
net76,103.52µm
net351,103.51µm
net525,103.415µm
net252,102.925µm
net551,102.67µm
net186,101.64µm
_0502_,101.54µm
_1731_,101.07µm
_1478_,101.04µm
_2210_,100.94µm
_0545_,100.89µm
_0542_,100.86µm
net534,100.695µm
net524,100.54µm
_0743_,100.34µm
net340,100.245µm
net403,100.195µm
_1795_,99.97µm
_1050_,99.68µm
net311,99.48µm
_1220_,99.09µm
net590,99.03µm
net553,98.975µm
_1460_,98.53µm
net596,98.365µm
net323,98.32µm
net555,97.695µm
_1405_,97.495µm
net282,97.285µm
_1828_,96.355µm
net294,96.185µm
_2007_,96.13µm
net343,95.875µm
_2511_,95.535µm
net582,95.435µm
_1920_,95.415µm
_1420_,95.4µm
net320,95.145µm
net367,94.975µm
_1365_,94.61µm
_1961_,94.26µm
_1195_,94.16µm
_1980_,94.04µm
_0734_,93.98µm
_1378_,93.665µm
_2128_,93.63µm
net308,93.555µm
_1213_,93.41µm
_1302_,93.395µm
net562,93.39µm
net523,93.01µm
_1963_,92.88µm
net302,92.87µm
net90,92.71µm
_0567_,92.685µm
_0701_,91.82µm
net354,91.205µm
_0622_,90.87µm
_1703_,90.34µm
net546,90.22µm
net371,90.17µm
_1163_,90.08µm
_1543_,89.685µm
net26,89.59µm
net574,89.22µm
_1244_,89.065µm
_1154_,88.98µm
net305,88.845µm
_1542_,88.71µm
net242,88.52µm
net111,88.26µm
net72,88.26µm
net314,88.1µm
net34,87.885µm
net301,87.875µm
net404,87.87µm
_1488_,87.81µm
net324,87.57µm
net334,85.785µm
_1749_,85.705µm
_1115_,85.645µm
net383,85.55µm
net112,85.53µm
net120,85.52µm
net571,85.385µm
net298,85.33µm
_2125_,85.245µm
_0942_,84.98µm
net557,84.875µm
net603,84.7µm
_2228_,84.64µm
net341,84.515µm
_0817_,84.125µm
net348,83.275µm
net304,83.24µm
_1871_,83.2µm
net150,83.145µm
_0580_,82.705µm
_1303_,82.405µm
net372,81.795µm
net344,81.75µm
_1850_,81.55µm
_2514_,81.51µm
_0927_,81.265µm
_0802_,81.185µm
_1873_,81.18µm
net102,80.63µm
net563,80.62µm
u_regfile.regs\[1\]\[16\],80.605µm
_0635_,80.55µm
net292,80.175µm
net426,79.65µm
net346,79.585µm
_1770_,79.44µm
_1440_,79.38µm
net315,79.37µm
_0530_,79.28µm
net318,79.16µm
net303,79.08µm
_1472_,78.95µm
_0689_,78.72µm
_0714_,78.43µm
net61,78.085µm
_1590_,78.01µm
_0988_,77.78µm
_1166_,77.65µm
_1239_,77.25µm
_1259_,77.225µm
_2130_,76.76µm
net316,76.505µm
_1524_,76.1µm
net64,75.35µm
net362,75.3µm
net536,75.195µm
_1185_,74.6µm
net62,74.475µm
_0791_,73.975µm
net541,73.775µm
net386,73.275µm
_0506_,73.27µm
_0713_,72.99µm
net549,72.865µm
net572,72.855µm
net359,72.31µm
net295,72.21µm
net283,71.92µm
net103,71.73µm
_0672_,71.705µm
_0534_,71.585µm
net535,71.555µm
net297,71.24µm
net310,71.125µm
net60,71.025µm
net333,70.76µm
_1450_,70.075µm
net387,70.065µm
_1512_,70.02µm
net300,69.84µm
net313,69.83µm
net113,69.66µm
net290,69.365µm
_0855_,69.24µm
_0728_,69.105µm
_0720_,68.965µm
_1407_,68.535µm
net70,68.23µm
net369,68.12µm
_0925_,68.095µm
net307,67.995µm
net291,67.355µm
net843,67.24µm
net159,67.03µm
_0906_,66.595µm
net63,65.945µm
net67,65.47µm
net293,65.165µm
net528,64.995µm
net69,64.92µm
_2385_,64.895µm
net355,64.46µm
net194,64.455µm
net380,63.41µm
net584,63.165µm
net289,63.08µm
_1092_,63.06µm
net608,63.01µm
_1960_,62.65µm
net35,62.47µm
_1332_,62.38µm
_1814_,62.335µm
_0669_,62.295µm
_0557_,62.2µm
net342,62.045µm
net586,61.65µm
_0814_,61.63µm
net552,61.615µm
net153,61.58µm
net358,61.525µm
net317,61.39µm
net65,61.26µm
net570,60.795µm
_0539_,60.735µm
_2087_,60.285µm
_1707_,60.24µm
net75,60.06µm
_1172_,59.84µm
net23,59.82µm
net573,59.805µm
_0767_,59.61µm
net521,59.51µm
net96,59.46µm
_1304_,59.18µm
net374,58.615µm
net399,58.435µm
_1602_,58.38µm
net2,58.32µm
_0560_,57.9µm
_1346_,57.805µm
_1941_,57.54µm
_1373_,57.235µm
_0759_,56.95µm
_0828_,56.87µm
_2355_,56.795µm
_1314_,56.675µm
_1516_,56.29µm
_1484_,56.23µm
net312,56.12µm
_0505_,55.93µm
_0844_,55.63µm
net3,55.62µm
_1442_,55.595µm
_1601_,55.56µm
_0749_,55.47µm
net349,55.425µm
_0600_,55.39µm
_1477_,55.345µm
_1344_,55.22µm
_2517_,55.09µm
_0531_,55.055µm
_0868_,55.045µm
net547,55.045µm
net279,54.99µm
_0835_,54.86µm
net87,54.8µm
_0562_,54.48µm
_1606_,54.03µm
_2120_,54µm
_0515_,53.9µm
_1297_,53.86µm
net561,53.835µm
_1826_,53.75µm
_0511_,53.58µm
_0972_,53.53µm
_1751_,53.22µm
_2422_,53.04µm
net412,53.005µm
net28,52.86µm
_1894_,52.68µm
_0857_,52.63µm
net544,52.56µm
_1505_,52.485µm
_1362_,52.43µm
_2132_,52.2µm
_1010_,52.1µm
_1544_,52µm
_1028_,51.84µm
_2124_,51.78µm
_0510_,51.61µm
_1434_,51.275µm
_0570_,51.08µm
_0649_,51.07µm
net27,50.94µm
net4,50.82µm
_1282_,50.7µm
_1486_,50.645µm
_2285_,50.31µm
_0837_,50.17µm
_1380_,50.05µm
net396,49.78µm
net169,49.63µm
net151,49.485µm
_1295_,49.33µm
_1979_,49.21µm
_1474_,48.895µm
net370,48.81µm
_2166_,48.44µm
net81,48.3µm
_0741_,48.12µm
_0696_,47.88µm
_0751_,47.48µm
_2390_,47.31µm
net597,47.245µm
net123,47.22µm
_1414_,47.185µm
_0549_,47.17µm
_0503_,47.1µm
_1398_,47.095µm
u_regfile.regs\[6\]\[8\],47.04µm
_1120_,46.93µm
_1441_,46.8µm
net163,46.74µm
_2442_,46.5µm
imem_addr[2],46.33µm
_1546_,46.18µm
u_regfile.regs\[4\]\[8\],46.075µm
net94,45.54µm
_0569_,45.44µm
net57,45.44µm
_0566_,45.36µm
_1256_,45.17µm
_0563_,45.145µm
_1940_,45.12µm
net296,45.11µm
_1417_,45.07µm
_1401_,45.055µm
_1576_,45.03µm
net116,44.88µm
_2261_,44.73µm
net56,44.475µm
_0912_,44.36µm
_1571_,44.325µm
_2494_,44.23µm
_0509_,44.1µm
_2320_,44.05µm
_0513_,44.04µm
dmem_addr[0],43.87µm
imem_data[2],43.81µm
net93,43.74µm
_1895_,43.63µm
_2332_,43.605µm
_1069_,43.58µm
_0830_,43.53µm
_2233_,43.42µm
io_wdata[6],43.39µm
io_wdata[9],43.33µm
_2405_,43.29µm
net6,43.2µm
_1134_,43.16µm
_0548_,42.94µm
_1348_,42.72µm
_2533_,42.72µm
u_regfile.regs\[3\]\[31\],42.72µm
_0928_,42.44µm
io_wdata[1],42.31µm
net53,42.215µm
net321,42.17µm
_0500_,42.01µm
_1815_,41.9µm
_2181_,41.71µm
_1470_,41.675µm
net189,41.58µm
_0595_,41.4µm
dmem_wdata[6],41.35µm
_1453_,41.295µm
net357,41.295µm
_0834_,41.29µm
_1984_,41.28µm
net51,41.24µm
_0991_,41.23µm
_1832_,41.11µm
io_rdata[11],41.05µm
_0831_,41.02µm
_0807_,40.93µm
net66,40.86µm
_0507_,40.8µm
net185,40.73µm
_1495_,40.665µm
_0721_,40.58µm
_1468_,40.51µm
_1587_,40.51µm
_1400_,40.435µm
imem_addr[0],40.39µm
_2089_,40.305µm
net149,40.225µm
_0796_,40.2µm
u_regfile.regs\[2\]\[27\],40.185µm
net171,40.025µm
dmem_rdata[5],39.97µm
net125,39.96µm
u_regfile.regs\[6\]\[5\],39.78µm
dmem_rdata[10],39.49µm
_1898_,39.48µm
_2198_,39.47µm
dmem_wdata[1],39.43µm
_1415_,39.385µm
_0541_,39.36µm
_2327_,39.36µm
_2288_,39.285µm
net375,39.265µm
net54,39.165µm
_0936_,39.13µm
_0652_,39.1µm
_0685_,39.09µm
imem_data[0],39.01µm
u_regfile.regs\[2\]\[12\],38.765µm
_0765_,38.745µm
_1454_,38.69µm
dmem_rdata[8],38.65µm
_1552_,38.59µm
net50,38.58µm
_2345_,38.57µm
_1330_,38.375µm
u_regfile.regs\[6\]\[6\],38.37µm
net124,38.34µm
_1421_,38.19µm
_1849_,38.17µm
_0793_,38.065µm
_1189_,37.925µm
net73,37.92µm
_2388_,37.75µm
net170,37.725µm
dmem_rdata[17],37.68µm
u_regfile.regs\[4\]\[5\],37.675µm
u_regfile.regs\[4\]\[6\],37.56µm
net604,37.51µm
_1241_,37.48µm
_1451_,37.46µm
net92,37.45µm
imem_data[19],37.45µm
net576,37.43µm
_1627_,37.17µm
dmem_rdata[13],37.09µm
_0514_,37.02µm
_0564_,36.96µm
_2379_,36.8µm
_0782_,36.72µm
_0775_,36.645µm
_2369_,36.645µm
u_regfile.regs\[6\]\[9\],36.625µm
net411,36.595µm
u_regfile.regs\[5\]\[18\],36.54µm
dmem_rdata[7],36.5µm
_2432_,36.43µm
u_regfile.regs\[7\]\[8\],36.425µm
net192,36.2µm
_1506_,36.145µm
dmem_rdata[12],36.13µm
imem_data[6],36.13µm
_2110_,36.12µm
_2460_,36.12µm
net133,36.06µm
u_regfile.regs\[7\]\[31\],36.02µm
_1393_,36.01µm
_2455_,36.01µm
io_rdata[16],36.01µm
_0792_,35.97µm
_0891_,35.82µm
_2477_,35.705µm
_1068_,35.41µm
u_regfile.regs\[4\]\[22\],35.31µm
_0619_,35.29µm
_1877_,35.24µm
imem_data[5],35.17µm
_2160_,35.16µm
_1913_,35.09µm
io_rdata[10],35.05µm
_1428_,34.945µm
io_rdata[24],34.68µm
_0777_,34.62µm
_2535_,34.62µm
io_rdata[14],34.58µm
io_rdata[13],34.57µm
c_flag,34.22µm
imem_data[17],34.2µm
net193,34.15µm
_0850_,34.09µm
_0623_,34.045µm
net7,34.03µm
io_rdata[8],33.98µm
dmem_wdata[27],33.97µm
_0910_,33.92µm
_2499_,33.915µm
_1856_,33.8µm
_0907_,33.765µm
dmem_rdata[11],33.62µm
dmem_rdata[14],33.61µm
dmem_addr[6],33.595µm
_2184_,33.56µm
_1975_,33.55µm
_0653_,33.49µm
_2502_,33.43µm
_1132_,33.37µm
net176,33.36µm
_1396_,33.32µm
dmem_rdata[6],33.25µm
io_rdata[5],33.25µm
io_rdata[6],33.25µm
io_wdata[11],33.25µm
_1959_,33.14µm
_1612_,33.13µm
_1872_,33.12µm
net126,33.07µm
_1005_,33µm
dmem_wdata[17],32.94µm
u_regfile.regs\[6\]\[16\],32.89µm
u_regfile.regs\[7\]\[28\],32.79µm
u_regfile.regs\[2\]\[25\],32.78µm
_1531_,32.725µm
dmem_wdata[7],32.71µm
io_rdata[4],32.65µm
_2424_,32.64µm
_0704_,32.575µm
io_rdata[1],32.54µm
_1682_,32.52µm
_0878_,32.46µm
_2158_,32.41µm
n_flag,32.375µm
net168,32.34µm
_1570_,32.3µm
dmem_addr[7],32.255µm
u_regfile.regs\[2\]\[28\],32.25µm
net162,32.24µm
_1625_,32.23µm
imem_addr[3],32.19µm
imem_data[18],32.17µm
u_regfile.regs\[6\]\[15\],32.16µm
u_regfile.regs\[3\]\[28\],32.065µm
_0576_,32.04µm
_1269_,31.94µm
dmem_addr[30],31.87µm
dmem_addr[8],31.75µm
dmem_wdata[30],31.75µm
imem_addr[1],31.75µm
dmem_rdata[21],31.69µm
_1594_,31.67µm
_1328_,31.615µm
dmem_addr[28],31.5µm
imem_data[12],31.34µm
imem_data[7],31.33µm
io_rdata[9],31.33µm
_2431_,31.315µm
net49,31.2µm
io_rdata[26],31.2µm
u_regfile.regs\[3\]\[1\],31.185µm
_2069_,31.15µm
_0829_,31.08µm
io_wdata[23],31.02µm
u_regfile.regs\[4\]\[30\],30.99µm
_1923_,30.92µm
_0605_,30.91µm
_0705_,30.9µm
u_regfile.regs\[3\]\[21\],30.825µm
_0735_,30.795µm
dmem_addr[9],30.79µm
dmem_wdata[8],30.79µm
dmem_rdata[9],30.74µm
_2322_,30.735µm
_2308_,30.73µm
_0583_,30.72µm
_1798_,30.69µm
_0977_,30.68µm
u_regfile.regs\[7\]\[12\],30.62µm
net98,30.55µm
io_rd,30.54µm
_0917_,30.48µm
imem_addr[4],30.43µm
imem_addr[5],30.43µm
net95,30.42µm
imem_data[8],30.37µm
dmem_rdata[22],30.36µm
_0864_,30.355µm
_1598_,30.32µm
_2420_,30.285µm
dmem_wdata[9],30.2µm
imem_addr[14],30.13µm
u_regfile.regs\[5\]\[16\],30.12µm
_2144_,30.07µm
_1247_,30.01µm
_2534_,30µm
u_regfile.regs\[1\]\[2\],29.965µm
u_regfile.regs\[2\]\[26\],29.815µm
u_regfile.regs\[2\]\[13\],29.71µm
_0612_,29.64µm
_1889_,29.64µm
_0747_,29.635µm
net167,29.52µm
u_pc.pc_next\[13\],29.52µm
u_regfile.regs\[3\]\[23\],29.48µm
_0938_,29.46µm
io_rdata[7],29.41µm
u_regfile.regs\[1\]\[21\],29.37µm
_0543_,29.345µm
io_rdata[28],29.28µm
_1565_,29.23µm
u_regfile.regs\[2\]\[4\],29.185µm
_1803_,29.12µm
_2417_,29.07µm
u_regfile.regs\[7\]\[6\],29µm
io_wdata[28],28.98µm
imem_data[10],28.93µm
u_regfile.regs\[4\]\[4\],28.87µm
dmem_wdata[11],28.87µm
imem_addr[6],28.87µm
imem_addr[8],28.87µm
_2135_,28.81µm
u_regfile.regs\[5\]\[10\],28.75µm
u_regfile.regs\[4\]\[25\],28.63µm
_0532_,28.62µm
net182,28.62µm
u_regfile.regs\[7\]\[14\],28.62µm
_2116_,28.56µm
u_regfile.regs\[4\]\[10\],28.48µm
_0615_,28.45µm
_0932_,28.45µm
dmem_rdata[4],28.45µm
imem_data[11],28.45µm
io_rdata[0],28.45µm
u_regfile.regs\[5\]\[31\],28.415µm
dmem_rdata[3],28.33µm
imem_data[1],28.33µm
_2497_,28.28µm
_0757_,28.26µm
_1091_,28.245µm
u_regfile.regs\[1\]\[31\],28.245µm
dmem_addr[26],28.22µm
_2300_,28.21µm
u_regfile.regs\[4\]\[0\],28.21µm
dmem_addr[11],28.15µm
_0933_,28.14µm
_1899_,28.12µm
u_regfile.regs\[4\]\[9\],28.1µm
_1574_,28.09µm
u_regfile.regs\[2\]\[8\],28.09µm
dmem_wdata[0],28.03µm
_1914_,28µm
_1800_,27.985µm
u_regfile.regs\[7\]\[2\],27.985µm
_0589_,27.97µm
imem_addr[9],27.95µm
u_regfile.regs\[1\]\[22\],27.935µm
u_regfile.regs\[2\]\[30\],27.93µm
imem_addr[7],27.91µm
io_wdata[8],27.91µm
_1200_,27.9µm
_0946_,27.87µm
u_regfile.regs\[7\]\[24\],27.87µm
_1035_,27.775µm
_1797_,27.755µm
_0794_,27.74µm
_1507_,27.735µm
u_regfile.regs\[1\]\[11\],27.73µm
net208,27.72µm
u_regfile.regs\[1\]\[24\],27.715µm
_1356_,27.655µm
_1465_,27.655µm
net71,27.61µm
_0520_,27.54µm
u_regfile.regs\[3\]\[27\],27.54µm
_2164_,27.5µm
net52,27.5µm
imem_data[9],27.49µm
dmem_rdata[16],27.48µm
net179,27.44µm
io_wdata[27],27.43µm
dmem_rdata[27],27.37µm
imem_addr[17],27.37µm
_0762_,27.36µm
_2173_,27.295µm
_1310_,27.28µm
u_regfile.regs\[4\]\[2\],27.27µm
_2370_,27.255µm
_1485_,27.24µm
net173,27.18µm
io_wdata[17],27.18µm
_1418_,27.175µm
_2157_,27.175µm
_1987_,27.115µm
u_regfile.regs\[2\]\[1\],26.98µm
dmem_addr[5],26.95µm
dmem_rdata[30],26.88µm
u_regfile.regs\[7\]\[9\],26.875µm
dmem_addr[12],26.87µm
_2250_,26.865µm
u_regfile.regs\[5\]\[28\],26.815µm
net9,26.71µm
u_regfile.regs\[3\]\[30\],26.7µm
u_regfile.regs\[1\]\[7\],26.66µm
net155,26.645µm
_2520_,26.605µm
_0551_,26.59µm
dmem_addr[22],26.59µm
_1395_,26.53µm
dmem_rdata[2],26.53µm
io_rdata[3],26.53µm
_1704_,26.52µm
u_regfile.regs\[1\]\[13\],26.495µm
_0785_,26.47µm
_1225_,26.37µm
net15,26.34µm
_1820_,26.305µm
u_regfile.regs\[7\]\[7\],26.18µm
_1981_,26.17µm
_2356_,26.17µm
_2175_,26.165µm
u_pc.pc_next\[14\],26.16µm
dmem_rd,26.1µm
net68,26.05µm
_1659_,26.04µm
dmem_addr[10],25.99µm
dmem_addr[1],25.99µm
io_wdata[0],25.99µm
u_regfile.regs\[7\]\[26\],25.98µm
_0725_,25.94µm
imem_data[3],25.94µm
dmem_rdata[29],25.92µm
_2449_,25.915µm
u_regfile.regs\[6\]\[24\],25.905µm
u_regfile.regs\[6\]\[0\],25.87µm
u_regfile.regs\[2\]\[14\],25.855µm
u_regfile.regs\[4\]\[1\],25.83µm
_2254_,25.81µm
net14,25.75µm
_0547_,25.725µm
_1726_,25.69µm
net91,25.68µm
u_regfile.regs\[6\]\[31\],25.625µm
_1423_,25.615µm
io_rdata[2],25.57µm
_1271_,25.53µm
u_regfile.regs\[1\]\[9\],25.52µm
_2304_,25.51µm
u_regfile.regs\[1\]\[18\],25.315µm
u_regfile.regs\[3\]\[15\],25.305µm
dmem_addr[17],25.26µm
dmem_addr[20],25.26µm
dmem_addr[21],25.26µm
_2415_,25.255µm
_0538_,25.2µm
_1230_,25.15µm
u_regfile.regs\[1\]\[25\],25.09µm
io_rdata[30],25.08µm
_0654_,25.065µm
dmem_addr[13],25.03µm
_0752_,24.97µm
_0536_,24.96µm
_1848_,24.91µm
_1280_,24.905µm
imem_addr[13],24.89µm
net225,24.85µm
u_regfile.regs\[6\]\[4\],24.84µm
u_regfile.regs\[2\]\[29\],24.81µm
_1560_,24.78µm
_2443_,24.78µm
_1651_,24.765µm
_1620_,24.76µm
imem_addr[11],24.71µm
_0525_,24.67µm
u_regfile.regs\[2\]\[11\],24.665µm
u_regfile.regs\[6\]\[11\],24.665µm
_1599_,24.66µm
_2153_,24.66µm
dmem_addr[29],24.66µm
imem_addr[18],24.61µm
u_regfile.regs\[3\]\[29\],24.6µm
u_regfile.regs\[7\]\[19\],24.57µm
_2310_,24.56µm
u_regfile.regs\[4\]\[28\],24.505µm
_2406_,24.45µm
_0900_,24.44µm
dmem_addr[2],24.44µm
dmem_addr[4],24.44µm
_1593_,24.4µm
_2489_,24.395µm
net172,24.38µm
_0902_,24.36µm
_1165_,24.36µm
net227,24.305µm
_1389_,24.3µm
_0715_,24.24µm
_1349_,24.24µm
io_wdata[15],24.18µm
u_regfile.regs\[2\]\[5\],24.175µm
u_regfile.regs\[7\]\[5\],24.145µm
_2324_,24.14µm
u_regfile.regs\[2\]\[21\],24.125µm
dmem_rdata[28],24.12µm
dmem_addr[14],24.07µm
imem_addr[10],24.07µm
_1836_,24.035µm
_1510_,24.01µm
u_regfile.regs\[2\]\[16\],23.875µm
_2295_,23.845µm
_1385_,23.82µm
_0650_,23.785µm
_0586_,23.77µm
_1031_,23.77µm
net46,23.76µm
net47,23.76µm
_0744_,23.72µm
u_regfile.regs\[6\]\[18\],23.72µm
_1564_,23.665µm
_2465_,23.665µm
dmem_rdata[0],23.65µm
imem_data[13],23.65µm
net864,23.65µm
u_regfile.regs\[3\]\[26\],23.61µm
u_regfile.regs\[1\]\[1\],23.6µm
_1695_,23.565µm
u_regfile.regs\[1\]\[20\],23.55µm
_0838_,23.46µm
u_regfile.regs\[4\]\[17\],23.44µm
_1458_,23.4µm
u_regfile.regs\[6\]\[21\],23.385µm
_0591_,23.29µm
_0875_,23.29µm
u_regfile.regs\[2\]\[6\],23.24µm
_2290_,23.19µm
_1391_,23.17µm
u_regfile.regs\[7\]\[20\],23.17µm
dmem_addr[31],23.17µm
u_regfile.regs\[1\]\[4\],23.16µm
u_regfile.regs\[1\]\[27\],23.08µm
_1504_,23.04µm
_1720_,22.975µm
u_regfile.regs\[5\]\[23\],22.975µm
_0770_,22.94µm
_1402_,22.92µm
_2433_,22.87µm
dmem_addr[27],22.86µm
dmem_wdata[26],22.86µm
u_regfile.regs\[2\]\[24\],22.855µm
dmem_addr[3],22.81µm
io_wdata[26],22.8µm
_1206_,22.785µm
_1448_,22.755µm
net187,22.74µm
_0885_,22.735µm
_1629_,22.7µm
u_regfile.regs\[5\]\[11\],22.69µm
u_regfile.regs\[2\]\[2\],22.59µm
_1769_,22.51µm
_1608_,22.45µm
_1471_,22.44µm
u_regfile.regs\[2\]\[31\],22.435µm
dmem_addr[16],22.38µm
_0920_,22.35µm
_1864_,22.33µm
_1948_,22.33µm
_2374_,22.285µm
_1095_,22.27µm
u_regfile.regs\[1\]\[17\],22.26µm
_2274_,22.21µm
io_rdata[27],22.2µm
_2456_,22.195µm
_0628_,22.185µm
u_regfile.regs\[7\]\[13\],22.1µm
u_regfile.regs\[7\]\[22\],22.075µm
_1623_,22.05µm
_1359_,22.03µm
_0537_,22.025µm
_0597_,22µm
_1509_,21.96µm
net165,21.91µm
u_regfile.regs\[7\]\[25\],21.905µm
_0923_,21.9µm
_1628_,21.88µm
imem_addr[16],21.85µm
_1452_,21.835µm
u_regfile.regs\[5\]\[24\],21.815µm
u_regfile.regs\[3\]\[25\],21.73µm
dmem_rdata[1],21.73µm
imem_data[4],21.73µm
_0911_,21.725µm
_0887_,21.72µm
_2392_,21.72µm
_0951_,21.715µm
u_regfile.regs\[2\]\[9\],21.695µm
u_regfile.regs\[6\]\[29\],21.68µm
imem_addr[12],21.67µm
u_regfile.regs\[6\]\[28\],21.63µm
net191,21.62µm
u_regfile.regs\[1\]\[26\],21.55µm
_2286_,21.51µm
_2211_,21.49µm
u_regfile.regs\[5\]\[22\],21.48µm
_1361_,21.44µm
u_regfile.regs\[1\]\[19\],21.44µm
u_regfile.regs\[6\]\[2\],21.43µm
u_regfile.regs\[7\]\[30\],21.42µm
_0651_,21.415µm
u_regfile.regs\[1\]\[15\],21.39µm
u_regfile.regs\[4\]\[14\],21.38µm
u_regfile.regs\[5\]\[5\],21.38µm
_1107_,21.31µm
_0842_,21.275µm
_0573_,21.26µm
io_wdata[7],21.19µm
_2279_,21.14µm
_0903_,21.115µm
net178,21.1µm
_1939_,21.06µm
_1547_,21.02µm
u_regfile.regs\[1\]\[0\],21.01µm
_0687_,21µm
_1792_,21µm
_0849_,20.98µm
dmem_wdata[28],20.94µm
u_regfile.regs\[3\]\[13\],20.89µm
u_regfile.regs\[3\]\[0\],20.88µm
u_regfile.regs\[4\]\[11\],20.79µm
_2268_,20.77µm
u_regfile.regs\[2\]\[3\],20.77µm
_1152_,20.745µm
u_regfile.regs\[4\]\[3\],20.72µm
_2023_,20.71µm
io_rdata[31],20.67µm
net164,20.59µm
_2306_,20.52µm
u_regfile.regs\[7\]\[3\],20.48µm
_1248_,20.41µm
_2189_,20.41µm
_2252_,20.37µm
net174,20.35µm
_0726_,20.29µm
dmem_rdata[23],20.28µm
io_rdata[12],20.28µm
u_regfile.regs\[6\]\[1\],20.23µm
_1150_,20.22µm
u_regfile.regs\[5\]\[27\],20.19µm
_2081_,20.11µm
_1550_,20.075µm
net29,20.045µm
_1561_,20.04µm
net229,19.98µm
_2397_,19.95µm
_1809_,19.895µm
_0724_,19.89µm
u_regfile.regs\[7\]\[11\],19.865µm
_2472_,19.81µm
_0915_,19.775µm
_2359_,19.765µm
_1554_,19.715µm
_2367_,19.68µm
u_regfile.regs\[1\]\[10\],19.65µm
u_regfile.regs\[1\]\[5\],19.605µm
_1585_,19.57µm
_2205_,19.57µm
_0745_,19.51µm
_2072_,19.51µm
_0670_,19.5µm
_1609_,19.47µm
_2333_,19.45µm
u_regfile.regs\[6\]\[12\],19.4µm
_2532_,19.39µm
u_control.V_flag,19.39µm
dmem_rdata[24],19.32µm
dmem_rdata[26],19.32µm
dmem_rdata[31],19.32µm
io_rdata[25],19.32µm
_2235_,19.275µm
_0779_,19.27µm
u_regfile.regs\[6\]\[13\],19.27µm
net128,19.26µm
_2071_,19.23µm
_1133_,19.21µm
_1857_,19.2µm
_1840_,19.125µm
u_regfile.regs\[1\]\[29\],19.09µm
_0755_,19.03µm
_0854_,18.99µm
_2127_,18.97µm
_2170_,18.97µm
_2266_,18.97µm
net122,18.97µm
u_regfile.regs\[7\]\[27\],18.8µm
imem_data[22],18.8µm
_0841_,18.72µm
u_regfile.regs\[4\]\[13\],18.72µm
_1529_,18.625µm
_2220_,18.625µm
_1748_,18.6µm
_1528_,18.54µm
_0766_,18.49µm
_1272_,18.49µm
io_wr,18.49µm
u_regfile.regs\[4\]\[26\],18.475µm
u_regfile.regs\[2\]\[7\],18.44µm
_1799_,18.42µm
_1222_,18.415µm
_1541_,18.36µm
io_rdata[29],18.36µm
_1915_,18.35µm
u_regfile.regs\[5\]\[19\],18.265µm
_1821_,18.26µm
_1065_,18.25µm
_2117_,18.25µm
_0738_,18.24µm
_1209_,18.185µm
net30,18.18µm
u_regfile.regs\[7\]\[10\],18.08µm
u_regfile.regs\[5\]\[29\],18.06µm
u_regfile.regs\[1\]\[23\],18.03µm
_1335_,18.01µm
u_regfile.regs\[7\]\[17\],18.01µm
_1438_,18µm
u_regfile.regs\[5\]\[17\],18µm
net183,17.95µm
u_regfile.regs\[3\]\[14\],17.95µm
u_regfile.regs\[1\]\[8\],17.89µm
_2335_,17.8µm
u_regfile.regs\[1\]\[30\],17.74µm
_0870_,17.71µm
u_regfile.regs\[3\]\[17\],17.705µm
net31,17.7µm
_2364_,17.685µm
net188,17.65µm
_1700_,17.64µm
u_regfile.regs\[5\]\[20\],17.64µm
net177,17.595µm
_0804_,17.575µm
_1433_,17.565µm
u_regfile.regs\[6\]\[26\],17.54µm
_1101_,17.53µm
_1556_,17.53µm
_2461_,17.53µm
_0578_,17.52µm
u_regfile.regs\[3\]\[12\],17.52µm
u_regfile.regs\[5\]\[30\],17.48µm
_2380_,17.44µm
_1313_,17.43µm
_1782_,17.42µm
dmem_rdata[19],17.4µm
dmem_rdata[25],17.4µm
imem_data[16],17.4µm
imem_data[21],17.4µm
_2297_,17.365µm
_2029_,17.35µm
_0581_,17.345µm
u_regfile.regs\[2\]\[22\],17.34µm
u_regfile.regs\[4\]\[15\],17.335µm
_1566_,17.3µm
_2289_,17.26µm
_0676_,17.23µm
net32,17.23µm
_1641_,17.22µm
_1730_,17.205µm
u_regfile.regs\[3\]\[2\],17.195µm
_0801_,17.17µm
net228,17.17µm
u_regfile.regs\[5\]\[12\],17.16µm
_0890_,17.155µm
u_regfile.regs\[6\]\[19\],17.12µm
u_regfile.regs\[2\]\[17\],17.105µm
_1562_,17.05µm
_1603_,17.05µm
_0921_,17.04µm
net190,17.035µm
u_regfile.regs\[2\]\[0\],17.035µm
_2341_,17.03µm
_2508_,17.01µm
_0871_,17.005µm
imem_data[20],16.98µm
_1386_,16.95µm
_2328_,16.94µm
_2387_,16.905µm
_0647_,16.9µm
u_regfile.regs\[2\]\[15\],16.855µm
_1203_,16.83µm
u_regfile.regs\[5\]\[4\],16.82µm
_2282_,16.8µm
_0736_,16.775µm
u_regfile.regs\[7\]\[18\],16.775µm
_1818_,16.75µm
dmem_rdata[20],16.75µm
_1240_,16.715µm
_2358_,16.69µm
u_regfile.regs\[3\]\[11\],16.69µm
u_regfile.regs\[4\]\[31\],16.595µm
u_regfile.regs\[4\]\[23\],16.585µm
net853,16.57µm
_0611_,16.56µm
_1647_,16.56µm
net203,16.51µm
_2177_,16.47µm
_2471_,16.46µm
_0874_,16.445µm
io_wdata[29],16.44µm
imem_data[28],16.39µm
_2438_,16.38µm
_1370_,16.33µm
_1683_,16.33µm
_2143_,16.33µm
net830,16.33µm
_2301_,16.285µm
_2145_,16.275µm
net8,16.27µm
net744,16.27µm
net772,16.27µm
_1411_,16.26µm
net118,16.26µm
_2243_,16.21µm
_0748_,16.2µm
_1656_,16.2µm
net166,16.195µm
_2302_,16.155µm
dmem_addr[18],16.14µm
dmem_wdata[15],16.14µm
dmem_wdata[23],16.14µm
dmem_wdata[24],16.14µm
dmem_wdata[29],16.14µm
io_wdata[30],16.14µm
u_regfile.regs\[3\]\[9\],16.135µm
_1290_,16.13µm
_1315_,16.13µm
_2323_,16.1µm
u_regfile.regs\[4\]\[27\],16.02µm
net21,16.005µm
_0816_,15.95µm
_2113_,15.945µm
_2450_,15.92µm
u_regfile.regs\[1\]\[3\],15.885µm
net845,15.88µm
_0860_,15.87µm
_1624_,15.86µm
imem_data[14],15.79µm
net831,15.79µm
u_regfile.regs\[4\]\[20\],15.73µm
_2409_,15.68µm
_1673_,15.67µm
dmem_addr[19],15.66µm
dmem_addr[23],15.66µm
u_regfile.regs\[7\]\[15\],15.63µm
_1456_,15.6µm
u_regfile.regs\[5\]\[25\],15.585µm
_1513_,15.57µm
_1321_,15.55µm
imem_addr[23],15.55µm
_1538_,15.54µm
_1406_,15.51µm
_1416_,15.5µm
clknet_leaf_23_clk,15.5µm
net856,15.5µm
_0886_,15.49µm
_2340_,15.48µm
u_regfile.regs\[7\]\[0\],15.48µm
io_rdata[23],15.43µm
u_regfile.regs\[6\]\[7\],15.33µm
u_regfile.regs\[7\]\[4\],15.31µm
net815,15.31µm
net850,15.31µm
_0827_,15.3µm
_1580_,15.28µm
net827,15.25µm
u_regfile.regs\[3\]\[22\],15.24µm
_0982_,15.235µm
_1666_,15.21µm
net20,15.2µm
_1957_,15.195µm
_0571_,15.19µm
u_regfile.regs\[6\]\[17\],15.14µm
net795,15.14µm
_2495_,15.13µm
u_regfile.regs\[4\]\[16\],15.12µm
_1904_,15.07µm
u_regfile.regs\[7\]\[16\],15.07µm
_0555_,15.01µm
_0783_,14.995µm
_0803_,14.975µm
_1268_,14.925µm
_1467_,14.9µm
_2487_,14.89µm
_1487_,14.88µm
_0645_,14.82µm
_1237_,14.82µm
net89,14.82µm
_1296_,14.81µm
_2440_,14.805µm
_2396_,14.77µm
net199,14.77µm
_1117_,14.755µm
_1793_,14.755µm
_2045_,14.745µm
_0145_,14.71µm
imem_addr[26],14.71µm
_2501_,14.695µm
_2255_,14.665µm
net848,14.66µm
_1353_,14.65µm
_1311_,14.645µm
_2474_,14.635µm
_1688_,14.605µm
_2216_,14.6µm
_2303_,14.575µm
u_regfile.regs\[2\]\[10\],14.505µm
_1503_,14.5µm
_0978_,14.49µm
_1223_,14.47µm
_1430_,14.46µm
_1345_,14.455µm
u_regfile.regs\[6\]\[14\],14.44µm
_0330_,14.41µm
_1255_,14.41µm
_1017_,14.36µm
_0280_,14.35µm
_0593_,14.34µm
_2352_,14.34µm
net84,14.34µm
_1397_,14.3µm
_1408_,14.29µm
_1841_,14.29µm
net765,14.29µm
_0376_,14.265µm
_1616_,14.24µm
u_regfile.regs\[4\]\[19\],14.23µm
_0632_,14.22µm
_1049_,14.17µm
_1168_,14.155µm
_2021_,14.14µm
_2496_,14.13µm
_0810_,14.1µm
_1275_,14.05µm
_1178_,14.04µm
u_regfile.regs\[5\]\[13\],13.99µm
dmem_rdata[15],13.99µm
dmem_rdata[18],13.99µm
io_rdata[18],13.99µm
_1160_,13.965µm
_2347_,13.955µm
_1613_,13.95µm
_0931_,13.94µm
_0737_,13.93µm
_0958_,13.92µm
_2095_,13.92µm
u_regfile.regs\[4\]\[29\],13.92µm
u_regfile.regs\[6\]\[27\],13.92µm
_2426_,13.91µm
net893,13.87µm
u_regfile.regs\[6\]\[30\],13.845µm
_0764_,13.81µm
_0847_,13.81µm
_1611_,13.81µm
_1808_,13.81µm
net882,13.81µm
_0637_,13.8µm
_0862_,13.76µm
_0014_,13.75µm
_2411_,13.75µm
_0414_,13.69µm
net319,13.69µm
u_regfile.regs\[7\]\[29\],13.63µm
_1334_,13.62µm
_2490_,13.615µm
_2338_,13.57µm
u_regfile.regs\[2\]\[18\],13.555µm
net88,13.545µm
_1600_,13.51µm
_0825_,13.5µm
_1193_,13.485µm
imem_addr[24],13.45µm
net721,13.45µm
net810,13.45µm
net836,13.45µm
_2185_,13.44µm
_1374_,13.415µm
_1156_,13.39µm
_1182_,13.39µm
_2109_,13.39µm
u_pc.pc_next\[11\],13.38µm
_1243_,13.34µm
_1993_,13.34µm
_1573_,13.335µm
net790,13.33µm
_1221_,13.32µm
_2512_,13.27µm
_2346_,13.26µm
_0941_,13.23µm
_2462_,13.22µm
_1327_,13.21µm
_2348_,13.21µm
u_regfile.regs\[6\]\[25\],13.21µm
_2503_,13.17µm
_2521_,13.165µm
_2031_,13.09µm
_1481_,13.03µm
imem_data[15],13.03µm
io_rdata[17],13.03µm
net813,13.02µm
net833,13.02µm
u_regfile.regs\[6\]\[20\],13.01µm
_2398_,12.97µm
net129,12.97µm
net794,12.97µm
_2399_,12.965µm
_0602_,12.96µm
_0723_,12.96µm
_1530_,12.96µm
net811,12.96µm
u_regfile.regs\[4\]\[7\],12.94µm
_2186_,12.915µm
io_rdata[20],12.91µm
_0288_,12.9µm
_0667_,12.9µm
_1753_,12.89µm
_2351_,12.875µm
_1072_,12.85µm
_1652_,12.85µm
u_regfile.regs\[2\]\[19\],12.85µm
_1347_,12.845µm
u_regfile.regs\[3\]\[10\],12.82µm
u_regfile.regs\[1\]\[12\],12.805µm
net839,12.8µm
_0861_,12.79µm
_1205_,12.79µm
net663,12.79µm
_1384_,12.78µm
u_regfile.regs\[3\]\[19\],12.78µm
u_regfile.regs\[3\]\[8\],12.775µm
_1497_,12.765µm
_2277_,12.74µm
_1113_,12.73µm
_2383_,12.73µm
u_regfile.regs\[4\]\[12\],12.72µm
u_regfile.regs\[4\]\[21\],12.71µm
_0839_,12.7µm
_1551_,12.69µm
u_regfile.regs\[1\]\[14\],12.69µm
_2281_,12.68µm
u_regfile.regs\[7\]\[23\],12.62µm
_0909_,12.615µm
_1955_,12.615µm
_0799_,12.61µm
_2296_,12.61µm
_0587_,12.6µm
_1681_,12.55µm
_2256_,12.49µm
net679,12.49µm
u_regfile.regs\[6\]\[22\],12.48µm
_1000_,12.43µm
net862,12.43µm
_2244_,12.37µm
_1527_,12.36µm
net205,12.355µm
_0957_,12.34µm
_1918_,12.27µm
_0698_,12.25µm
_2133_,12.25µm
_2342_,12.24µm
_1245_,12.205µm
_0703_,12.185µm
_0768_,12.16µm
_0327_,12.13µm
_2498_,12.13µm
_0437_,12.12µm
_1242_,12.12µm
_1532_,12.12µm
_2246_,12.12µm
net195,12.12µm
_0529_,12.095µm
_2176_,12.07µm
_1662_,12.06µm
_1246_,12.01µm
net100,12.01µm
net683,12.01µm
_1802_,12µm
_2510_,12µm
_2519_,11.995µm
_0610_,11.95µm
_2349_,11.95µm
net696,11.95µm
net770,11.95µm
net786,11.95µm
_1231_,11.94µm
u_regfile.regs\[3\]\[3\],11.925µm
u_regfile.regs\[6\]\[23\],11.89µm
_1094_,11.875µm
u_regfile.regs\[2\]\[23\],11.84µm
_0429_,11.83µm
_1501_,11.83µm
io_rdata[22],11.83µm
net892,11.83µm
_0451_,11.82µm
_0639_,11.82µm
_0049_,11.78µm
_0746_,11.77µm
_0899_,11.77µm
_1211_,11.77µm
_2001_,11.77µm
_2004_,11.77µm
_2373_,11.77µm
_0877_,11.76µm
_1545_,11.76µm
_1558_,11.76µm
_2293_,11.76µm
_0413_,11.71µm
imem_data[27],11.71µm
_0679_,11.66µm
net615,11.66µm
_1742_,11.655µm
_2376_,11.655µm
u_regfile.regs\[4\]\[24\],11.65µm
_0644_,11.625µm
imem_data[29],11.59µm
net766,11.59µm
u_pc.pc_next\[17\],11.58µm
_1447_,11.565µm
_2506_,11.56µm
_1083_,11.53µm
_1990_,11.53µm
net817,11.53µm
_0681_,11.52µm
_0739_,11.52µm
_0995_,11.52µm
_1403_,11.52µm
u_regfile.regs\[4\]\[18\],11.515µm
_2425_,11.505µm
_0021_,11.47µm
_1521_,11.47µm
net783,11.47µm
net867,11.47µm
net880,11.47µm
_1103_,11.46µm
_1267_,11.46µm
net180,11.46µm
u_pc.pc_next\[9\],11.46µm
u_regfile.regs\[3\]\[18\],11.455µm
_2516_,11.415µm
_0974_,11.41µm
_1463_,11.41µm
_1709_,11.41µm
_2017_,11.4µm
_1131_,11.395µm
_1424_,11.365µm
net85,11.36µm
_1614_,11.35µm
_2062_,11.35µm
_2070_,11.35µm
dmem_wdata[14],11.35µm
net706,11.35µm
net756,11.35µm
_2258_,11.3µm
_1563_,11.29µm
_1210_,11.28µm
_1767_,11.23µm
_1739_,11.225µm
_2316_,11.17µm
_1893_,11.13µm
_1208_,11.115µm
_2444_,11.11µm
_2162_,11.1µm
_1338_,11.085µm
_2272_,11.065µm
_1817_,11.05µm
_2441_,11.05µm
net628,11.05µm
net632,11.05µm
net728,11.05µm
net823,11.05µm
net888,11.05µm
_0018_,11.04µm
_0823_,11.04µm
_0897_,11.04µm
_1634_,11.04µm
_2172_,11.04µm
net891,11.04µm
_0918_,11µm
_0334_,10.99µm
_1540_,10.99µm
_1686_,10.99µm
io_rdata[21],10.99µm
net616,10.99µm
net668,10.99µm
_1643_,10.98µm
_1435_,10.96µm
_1822_,10.94µm
net691,10.93µm
net720,10.93µm
net851,10.93µm
_1476_,10.92µm
_1989_,10.92µm
_2319_,10.92µm
_0627_,10.905µm
_2270_,10.87µm
_1027_,10.86µm
_2245_,10.86µm
net216,10.86µm
_0964_,10.845µm
net883,10.835µm
_1581_,10.83µm
_1381_,10.82µm
_1789_,10.81µm
_1965_,10.81µm
net13,10.81µm
_0997_,10.8µm
u_regfile.regs\[7\]\[21\],10.8µm
_1469_,10.795µm
_2427_,10.765µm
_1498_,10.75µm
_1457_,10.7µm
_2313_,10.7µm
_2334_,10.7µm
_0787_,10.69µm
_2112_,10.68µm
_0114_,10.665µm
_1947_,10.635µm
_2262_,10.63µm
_0945_,10.625µm
_0495_,10.62µm
_0884_,10.62µm
net763,10.62µm
_0846_,10.61µm
_1312_,10.59µm
_1431_,10.59µm
_2121_,10.57µm
net22,10.57µm
net656,10.57µm
net671,10.57µm
net673,10.57µm
net676,10.57µm
net825,10.57µm
net881,10.565µm
_0674_,10.56µm
_2179_,10.56µm
_0930_,10.545µm
u_regfile.regs\[5\]\[9\],10.52µm
io_rdata[15],10.52µm
net773,10.515µm
_1329_,10.51µm
net83,10.51µm
u_regfile.regs\[5\]\[3\],10.51µm
u_regfile.regs\[5\]\[7\],10.51µm
imem_data[30],10.51µm
io_rdata[19],10.51µm
imem_addr[20],10.51µm
net658,10.51µm
net680,10.51µm
net705,10.51µm
net824,10.51µm
_1147_,10.485µm
_0517_,10.45µm
_0702_,10.45µm
_0872_,10.45µm
_1036_,10.45µm
_1368_,10.45µm
_2103_,10.45µm
_2407_,10.45µm
_2436_,10.45µm
net119,10.45µm
u_regfile.regs\[2\]\[20\],10.445µm
_1786_,10.44µm
_1038_,10.435µm
net212,10.435µm
u_regfile.regs\[1\]\[28\],10.4µm
_1383_,10.39µm
_1811_,10.39µm
_1994_,10.39µm
_2068_,10.39µm
_2171_,10.39µm
net636,10.39µm
u_regfile.regs\[7\]\[1\],10.375µm
_0671_,10.34µm
_1044_,10.34µm
u_regfile.regs\[5\]\[6\],10.34µm
_0655_,10.33µm
_1262_,10.33µm
_2008_,10.33µm
_2430_,10.33µm
dmem_wdata[25],10.33µm
_0331_,10.32µm
_1102_,10.32µm
_2102_,10.32µm
_1291_,10.28µm
_0693_,10.27µm
_1654_,10.27µm
net725,10.245µm
_1630_,10.235µm
u_regfile.regs\[3\]\[20\],10.225µm
_0664_,10.21µm
_1881_,10.21µm
_1883_,10.205µm
_1713_,10.2µm
net654,10.2µm
net818,10.15µm
_0492_,10.14µm
net820,10.125µm
_1733_,10.09µm
net99,10.09µm
net677,10.09µm
net835,10.09µm
_0186_,10.08µm
_1790_,10.08µm
_2119_,10.08µm
net874,10.08µm
_1390_,10.03µm
_1784_,10.03µm
_2231_,10.03µm
_2253_,10.03µm
net197,10.03µm
net637,10.03µm
net661,10.03µm
net738,10.03µm
_0120_,9.97µm
_1298_,9.97µm
net184,9.97µm
_0800_,9.96µm
_2223_,9.96µm
_0937_,9.92µm
imem_addr[28],9.91µm
imem_addr[31],9.91µm
_1480_,9.9µm
_1023_,9.895µm
_0758_,9.885µm
_1867_,9.85µm
_1969_,9.85µm
u_regfile.regs\[5\]\[15\],9.85µm
_1233_,9.845µm
_0375_,9.84µm
_0482_,9.84µm
_0691_,9.84µm
u_pc.pc_next\[4\],9.8µm
u_regfile.regs\[5\]\[2\],9.79µm
imem_data[26],9.79µm
_2249_,9.74µm
_2507_,9.74µm
dmem_wdata[3],9.72µm
net614,9.72µm
net793,9.72µm
_1363_,9.68µm
_0636_,9.675µm
_0353_,9.67µm
_1610_,9.67µm
u_control.Z_flag,9.67µm
dmem_addr[15],9.67µm
net657,9.67µm
net664,9.67µm
net669,9.67µm
net674,9.67µm
net681,9.67µm
net688,9.67µm
net701,9.67µm
net714,9.67µm
net730,9.67µm
net750,9.67µm
net764,9.67µm
net778,9.67µm
net802,9.67µm
net842,9.67µm
_0967_,9.66µm
_1761_,9.61µm
net101,9.61µm
net873,9.61µm
_0626_,9.6µm
_0955_,9.6µm
_1376_,9.6µm
_1618_,9.6µm
net221,9.6µm
_0556_,9.585µm
_1888_,9.58µm
_0832_,9.565µm
_0379_,9.55µm
_0521_,9.55µm
_2479_,9.55µm
net79,9.55µm
net619,9.55µm
net803,9.55µm
net808,9.55µm
_0076_,9.54µm
_1615_,9.54µm
net175,9.54µm
u_pc.pc_next\[6\],9.54µm
_0763_,9.52µm
u_regfile.regs\[5\]\[26\],9.5µm
_0811_,9.495µm
_0659_,9.49µm
_0694_,9.49µm
_2491_,9.49µm
u_pc.pc_next\[8\],9.49µm
imem_addr[27],9.49µm
_1633_,9.48µm
u_pc.pc_next\[10\],9.48µm
u_regfile.regs\[3\]\[24\],9.48µm
_2459_,9.475µm
u_regfile.regs\[5\]\[8\],9.42µm
_0136_,9.415µm
_0276_,9.39µm
_2230_,9.385µm
net733,9.38µm
_0420_,9.37µm
_0559_,9.37µm
_1768_,9.37µm
_2217_,9.37µm
_2435_,9.37µm
_2486_,9.37µm
_0386_,9.36µm
_1167_,9.36µm
_1912_,9.36µm
u_regfile.regs\[3\]\[6\],9.325µm
_1978_,9.31µm
net659,9.3µm
_2410_,9.28µm
_2522_,9.265µm
_2291_,9.25µm
_2500_,9.25µm
_0905_,9.245µm
_1216_,9.19µm
_1258_,9.19µm
_2138_,9.18µm
_2412_,9.18µm
net630,9.13µm
net814,9.13µm
_1371_,9.12µm
_2202_,9.12µm
_2529_,9.12µm
_1950_,9.11µm
net670,9.095µm
_0098_,9.07µm
_0512_,9.07µm
_1051_,9.07µm
_1382_,9.07µm
_1825_,9.07µm
_1887_,9.07µm
net198,9.07µm
imem_data[31],9.07µm
imem_addr[30],9.07µm
net618,9.07µm
net695,9.07µm
_1734_,9.06µm
_1772_,9.06µm
_2389_,9.06µm
_0625_,9.02µm
_2187_,9.02µm
_2467_,9.02µm
io_wdata[31],9.02µm
_0688_,9.015µm
_1765_,9.01µm
_2222_,9.01µm
_1300_,9µm
_2492_,8.98µm
_2391_,8.975µm
_2234_,8.965µm
_0273_,8.95µm
_0308_,8.95µm
_0388_,8.95µm
_0405_,8.95µm
_0424_,8.95µm
_1125_,8.94µm
_2315_,8.94µm
_0722_,8.935µm
_1379_,8.92µm
_1777_,8.915µm
_0913_,8.905µm
_2337_,8.905µm
_2329_,8.9µm
_0416_,8.89µm
_0614_,8.89µm
_1001_,8.89µm
_1251_,8.89µm
_1404_,8.89µm
_2201_,8.89µm
_2239_,8.89µm
_2485_,8.89µm
_0311_,8.88µm
_1263_,8.88µm
_1491_,8.88µm
_1637_,8.88µm
_2073_,8.88µm
io_wdata[14],8.88µm
net844,8.88µm
_1034_,8.835µm
imem_addr[19],8.83µm
imem_addr[29],8.83µm
_1796_,8.82µm
_2362_,8.82µm
_2509_,8.79µm
_2207_,8.76µm
_1305_,8.745µm
_2400_,8.73µm
net834,8.71µm
net838,8.71µm
_0103_,8.7µm
_0377_,8.7µm
_0660_,8.7µm
_1191_,8.7µm
_1322_,8.7µm
imem_data[23],8.7µm
dmem_wdata[16],8.7µm
dmem_wdata[18],8.7µm
io_wdata[21],8.7µm
_1944_,8.67µm
_0867_,8.65µm
net642,8.65µm
net809,8.65µm
net840,8.65µm
_0087_,8.64µm
_0150_,8.64µm
_0164_,8.64µm
_0643_,8.64µm
_1575_,8.64µm
_2016_,8.64µm
_2161_,8.62µm
_0498_,8.59µm
_0518_,8.59µm
_0588_,8.59µm
_1863_,8.59µm
_2015_,8.59µm
_2056_,8.59µm
_1924_,8.58µm
_2059_,8.58µm
u_pc.pc_next\[16\],8.58µm
u_regfile.regs\[1\]\[6\],8.54µm
_0699_,8.53µm
_1278_,8.53µm
_1591_,8.53µm
_1617_,8.53µm
_1834_,8.53µm
_2505_,8.53µm
net782,8.53µm
_1816_,8.52µm
_1953_,8.52µm
_0981_,8.515µm
_1340_,8.515µm
_2034_,8.515µm
_0523_,8.5µm
_0351_,8.47µm
_0369_,8.47µm
_0465_,8.47µm
_0483_,8.47µm
_1217_,8.47µm
u_regfile.regs\[6\]\[10\],8.47µm
imem_data[24],8.46µm
dmem_wdata[13],8.46µm
_0152_,8.455µm
_1224_,8.42µm
_2372_,8.42µm
net752,8.42µm
net858,8.42µm
_1052_,8.41µm
_1489_,8.41µm
_1919_,8.41µm
_1935_,8.41µm
_2086_,8.41µm
_2292_,8.41µm
_2476_,8.41µm
dmem_addr[25],8.41µm
_0634_,8.4µm
_1061_,8.4µm
_1801_,8.4µm
_1162_,8.36µm
_0365_,8.35µm
_0848_,8.345µm
_0361_,8.34µm
_1715_,8.34µm
_0633_,8.29µm
_1604_,8.29µm
u_regfile.regs\[3\]\[16\],8.29µm
_0336_,8.28µm
_0352_,8.28µm
_0442_,8.28µm
_1309_,8.265µm
_0356_,8.23µm
_0914_,8.23µm
_0157_,8.22µm
_0493_,8.22µm
_0719_,8.22µm
_1626_,8.22µm
_1771_,8.22µm
_2264_,8.22µm
_2536_,8.22µm
net158,8.22µm
_1425_,8.215µm
_2484_,8.2µm
_1181_,8.17µm
_1432_,8.17µm
_1511_,8.17µm
_1992_,8.17µm
_2099_,8.17µm
_2218_,8.17µm
_0030_,8.16µm
_0522_,8.16µm
_0675_,8.16µm
_1553_,8.16µm
_1951_,8.16µm
_2238_,8.16µm
net78,8.16µm
_1319_,8.13µm
_0088_,8.11µm
_0232_,8.11µm
_0359_,8.11µm
_1827_,8.11µm
_2418_,8.11µm
_2523_,8.11µm
net24,8.11µm
net214,8.11µm
net885,8.11µm
_1738_,8.1µm
_2469_,8.09µm
_1293_,8.085µm
_1199_,8.05µm
u_regfile.regs\[3\]\[5\],8.05µm
_1029_,8.04µm
_1130_,8.04µm
io_wdata[5],8.04µm
_0608_,8.035µm
_1436_,8.035µm
_0488_,8.02µm
_0459_,7.99µm
_1462_,7.99µm
_1533_,7.99µm
_2447_,7.99µm
u_regfile.regs\[5\]\[0\],7.99µm
_1171_,7.98µm
_0797_,7.94µm
_2478_,7.94µm
net646,7.94µm
net712,7.94µm
net723,7.94µm
net736,7.94µm
net797,7.94µm
net871,7.94µm
_0692_,7.93µm
_0813_,7.93µm
_0820_,7.93µm
_0983_,7.93µm
_1063_,7.93µm
_1116_,7.93µm
_1228_,7.93µm
_1429_,7.93µm
_1758_,7.93µm
_2386_,7.93µm
_0815_,7.925µm
_1204_,7.92µm
_1252_,7.92µm
_1744_,7.92µm
u_pc.pc_next\[15\],7.92µm
_0986_,7.89µm
_0680_,7.88µm
_1136_,7.88µm
_0357_,7.87µm
_1882_,7.865µm
_2452_,7.825µm
_2147_,7.82µm
_0895_,7.81µm
_1717_,7.81µm
_0278_,7.8µm
_1839_,7.8µm
_2030_,7.77µm
net724,7.75µm
net798,7.75µm
_0466_,7.74µm
_0574_,7.74µm
_2361_,7.74µm
_0833_,7.73µm
_1847_,7.73µm
u_regfile.regs\[5\]\[21\],7.725µm
_1756_,7.7µm
_0007_,7.69µm
_0707_,7.69µm
_1325_,7.69µm
_1766_,7.69µm
_1967_,7.69µm
net207,7.69µm
net218,7.69µm
_0005_,7.68µm
_0044_,7.68µm
_0165_,7.68µm
_0170_,7.68µm
_0194_,7.68µm
_0519_,7.68µm
_0620_,7.68µm
_1274_,7.68µm
_1324_,7.68µm
_1655_,7.68µm
_1667_,7.68µm
_2006_,7.68µm
_2088_,7.68µm
_2413_,7.68µm
net181,7.68µm
_0761_,7.635µm
_0428_,7.63µm
_0993_,7.63µm
_1427_,7.63µm
_1665_,7.63µm
net623,7.63µm
_0130_,7.62µm
rst,7.62µm
dmem_wdata[10],7.62µm
io_wdata[10],7.62µm
io_wdata[19],7.62µm
_1021_,7.57µm
_1148_,7.57µm
_1277_,7.57µm
_1326_,7.57µm
_1860_,7.57µm
_1862_,7.57µm
_1952_,7.57µm
_2375_,7.57µm
imem_addr[15],7.57µm
imem_addr[22],7.57µm
io_wdata[24],7.57µm
_1048_,7.56µm
_1126_,7.56µm
_1369_,7.56µm
_1911_,7.56µm
u_pc.pc_next\[21\],7.56µm
_1082_,7.555µm
_1937_,7.555µm
net215,7.555µm
net675,7.555µm
_1455_,7.545µm
_1535_,7.52µm
_1364_,7.515µm
_2165_,7.515µm
_0348_,7.51µm
_0355_,7.51µm
_1716_,7.51µm
_0363_,7.5µm
_2129_,7.46µm
_2504_,7.46µm
net735,7.46µm
net788,7.46µm
net796,7.46µm
net801,7.46µm
net804,7.46µm
_0916_,7.45µm
_1025_,7.45µm
_1169_,7.45µm
_1900_,7.45µm
_2040_,7.45µm
_0431_,7.44µm
_1129_,7.44µm
_0596_,7.39µm
_1518_,7.39µm
_1526_,7.39µm
u_pc.pc_next\[22\],7.38µm
_0904_,7.365µm
_2488_,7.355µm
_0486_,7.35µm
net131,7.35µm
_1399_,7.33µm
_0818_,7.32µm
_1105_,7.3µm
_0354_,7.27µm
_0434_,7.27µm
_0544_,7.27µm
_1537_,7.27µm
_0117_,7.26µm
_0228_,7.26µm
_1261_,7.26µm
_1419_,7.26µm
_1710_,7.26µm
_1721_,7.26µm
_2047_,7.26µm
_2079_,7.26µm
_2384_,7.26µm
net855,7.26µm
imem_addr[21],7.255µm
_2325_,7.24µm
net692,7.24µm
_0106_,7.21µm
_0153_,7.21µm
_0383_,7.21µm
_0527_,7.21µm
_0742_,7.21µm
_1588_,7.21µm
_1763_,7.21µm
_1783_,7.21µm
_2439_,7.21µm
net631,7.21µm
_0926_,7.2µm
_1493_,7.2µm
_1698_,7.2µm
_1745_,7.2µm
_2107_,7.2µm
_2203_,7.2µm
_2454_,7.2µm
dmem_wdata[12],7.2µm
dmem_wdata[22],7.2µm
io_wdata[13],7.2µm
io_wdata[2],7.2µm
net684,7.175µm
net722,7.175µm
_0412_,7.15µm
_0438_,7.15µm
_0776_,7.15µm
_0786_,7.15µm
_1409_,7.15µm
_1846_,7.15µm
_1908_,7.15µm
_2150_,7.15µm
dmem_addr[24],7.15µm
dmem_wr,7.15µm
net769,7.15µm
_0217_,7.14µm
_0322_,7.14µm
_0367_,7.14µm
_2208_,7.135µm
dmem_wdata[31],7.1µm
io_wdata[25],7.1µm
_1288_,7.09µm
net860,7.09µm
_0657_,7.08µm
_1352_,7.08µm
_2339_,7.08µm
_0896_,7.075µm
_1674_,7.075µm
_0508_,7.04µm
_0638_,7.03µm
net108,7.03µm
_0489_,7.02µm
_1762_,7.02µm
_2037_,7.02µm
_2401_,6.98µm
u_pc.pc_next\[30\],6.98µm
net693,6.98µm
net709,6.98µm
net711,6.98µm
net715,6.98µm
net726,6.98µm
net732,6.98µm
net737,6.98µm
net741,6.98µm
net754,6.98µm
net758,6.98µm
net761,6.98µm
net776,6.98µm
net784,6.98µm
net785,6.98µm
net789,6.98µm
net799,6.98µm
net800,6.98µm
net821,6.98µm
_0673_,6.97µm
_0965_,6.97µm
_1153_,6.97µm
_1360_,6.97µm
_1539_,6.97µm
_1607_,6.97µm
_1869_,6.97µm
_2126_,6.97µm
_2169_,6.96µm
_2458_,6.96µm
_0869_,6.935µm
net217,6.92µm
net698,6.92µm
_2195_,6.91µm
_1037_,6.9µm
net117,6.885µm
_2321_,6.87µm
_1780_,6.86µm
_0341_,6.84µm
_0441_,6.84µm
_0683_,6.84µm
_1392_,6.84µm
_0922_,6.805µm
_0036_,6.78µm
_0162_,6.78µm
_0407_,6.78µm
_1592_,6.78µm
_1658_,6.78µm
_2054_,6.78µm
_2060_,6.78µm
_2064_,6.78µm
_2269_,6.78µm
_2280_,6.78µm
_2314_,6.78µm
imem_data[25],6.78µm
dmem_wdata[20],6.78µm
dmem_wdata[4],6.78µm
io_wdata[12],6.78µm
io_wdata[22],6.78µm
_1525_,6.765µm
_1473_,6.75µm
_0421_,6.73µm
_0494_,6.73µm
_0516_,6.73µm
_0709_,6.73µm
_0731_,6.73µm
_0781_,6.73µm
_1039_,6.73µm
_1500_,6.73µm
_1909_,6.73µm
_2163_,6.73µm
u_regfile.regs\[5\]\[1\],6.73µm
dmem_wdata[21],6.73µm
dmem_wdata[2],6.73µm
io_wdata[20],6.73µm
io_wdata[3],6.73µm
net857,6.73µm
_0116_,6.72µm
_0220_,6.72µm
_0601_,6.72µm
_1934_,6.72µm
_2214_,6.72µm
_2299_,6.72µm
_2353_,6.72µm
_2354_,6.72µm
imem_addr[25],6.68µm
_0024_,6.67µm
_0252_,6.67µm
_0264_,6.67µm
_0422_,6.67µm
_0475_,6.67µm
_0490_,6.67µm
_0706_,6.67µm
_0968_,6.67µm
_1198_,6.67µm
_2142_,6.67µm
_2309_,6.67µm
net620,6.67µm
net742,6.67µm
net869,6.67µm
net886,6.67µm
_0017_,6.66µm
_0268_,6.66µm
_0404_,6.66µm
_0795_,6.66µm
_1358_,6.66µm
_1041_,6.645µm
_0528_,6.62µm
_0461_,6.61µm
_0879_,6.61µm
_2000_,6.61µm
_2480_,6.61µm
_0427_,6.6µm
_1283_,6.6µm
_1519_,6.6µm
_2183_,6.6µm
_0953_,6.595µm
_1054_,6.595µm
_1422_,6.595µm
_2026_,6.595µm
net121,6.595µm
net678,6.595µm
net760,6.595µm
net841,6.595µm
_1804_,6.58µm
_1567_,6.56µm
_1596_,6.56µm
_0440_,6.55µm
_1999_,6.55µm
_0852_,6.54µm
_1026_,6.54µm
_1071_,6.54µm
_2178_,6.54µm
_0824_,6.535µm
_1670_,6.505µm
_0631_,6.5µm
_1080_,6.5µm
net629,6.5µm
net648,6.5µm
net653,6.5µm
net662,6.5µm
net665,6.5µm
net667,6.5µm
net682,6.5µm
net685,6.5µm
net686,6.5µm
net697,6.5µm
net707,6.5µm
net713,6.5µm
net719,6.5µm
net729,6.5µm
net734,6.5µm
net749,6.5µm
net759,6.5µm
net768,6.5µm
net775,6.5µm
_0426_,6.49µm
_1190_,6.49µm
_1475_,6.49µm
_1657_,6.49µm
_2032_,6.49µm
_1308_,6.48µm
_1653_,6.48µm
_0954_,6.475µm
_0640_,6.47µm
_0959_,6.44µm
_1264_,6.43µm
_1186_,6.42µm
_0604_,6.39µm
_1081_,6.38µm
_0533_,6.37µm
_1998_,6.37µm
_2156_,6.37µm
_0328_,6.36µm
_0343_,6.36µm
_0366_,6.36µm
_1135_,6.36µm
_1671_,6.36µm
dmem_wdata[5],6.36µm
net621,6.36µm
_0118_,6.345µm
_1149_,6.345µm
net889,6.34µm
_0415_,6.31µm
_1333_,6.31µm
dmem_wdata[19],6.31µm
io_wdata[16],6.31µm
io_wdata[18],6.31µm
io_wdata[4],6.31µm
_0006_,6.3µm
_0091_,6.3µm
_0108_,6.3µm
_0112_,6.3µm
_0535_,6.3µm
_0716_,6.3µm
_0732_,6.3µm
_1155_,6.3µm
_1307_,6.3µm
_1805_,6.3µm
_2052_,6.3µm
_2395_,6.3µm
_1977_,6.28µm
_0016_,6.25µm
_0060_,6.25µm
_0496_,6.25µm
_0929_,6.25µm
_1020_,6.25µm
_1238_,6.25µm
_1281_,6.25µm
_1449_,6.25µm
_1482_,6.25µm
_2149_,6.25µm
_2537_,6.25µm
_2538_,6.25µm
_1702_,6.24µm
_2194_,6.24µm
_1555_,6.195µm
net16,6.195µm
_0134_,6.19µm
_0189_,6.19µm
_0213_,6.19µm
_0419_,6.19µm
_0472_,6.19µm
_1413_,6.19µm
_2118_,6.19µm
net624,6.19µm
net633,6.19µm
net792,6.19µm
_0020_,6.185µm
_0266_,6.18µm
_0346_,6.18µm
_0425_,6.18µm
_2283_,6.18µm
_1111_,6.175µm
_1835_,6.165µm
_1988_,6.14µm
_2294_,6.14µm
_1060_,6.135µm
_0119_,6.13µm
_1639_,6.13µm
_2265_,6.13µm
_0329_,6.12µm
_0393_,6.12µm
_0666_,6.12µm
_0898_,6.12µm
_1813_,6.12µm
_0019_,6.115µm
_2368_,6.115µm
net127,6.115µm
_0258_,6.105µm
_0944_,6.09µm
_0540_,6.08µm
_0411_,6.07µm
_2241_,6.055µm
_0090_,6.02µm
_0216_,6.02µm
_1108_,6.02µm
_1159_,6.02µm
_1426_,6.02µm
net651,6.02µm
net660,6.02µm
net689,6.02µm
net699,6.02µm
net703,6.02µm
net710,6.02µm
net739,6.02µm
net740,6.02µm
net743,6.02µm
net746,6.02µm
net747,6.02µm
net751,6.02µm
net753,6.02µm
net755,6.02µm
net771,6.02µm
net779,6.02µm
net780,6.02µm
net805,6.02µm
net837,6.02µm
_0806_,6.01µm
_0826_,6.01µm
_1833_,6.01µm
_1902_,6.01µm
_2227_,6.01µm
_2263_,6.01µm
_2298_,6.01µm
_0047_,6µm
_1151_,6µm
_1265_,6µm
_1276_,6µm
_1747_,6µm
_2097_,6µm
_1824_,5.99µm
net727,5.96µm
_1254_,5.95µm
_2192_,5.89µm
_0345_,5.88µm
_0453_,5.88µm
_0740_,5.88µm
_0798_,5.88µm
_1331_,5.88µm
_1508_,5.88µm
_1737_,5.88µm
net822,5.88µm
_0582_,5.84µm
net816,5.83µm
_1896_,5.82µm
_1905_,5.82µm
_2394_,5.82µm
_0183_,5.77µm
_0956_,5.77µm
_1142_,5.77µm
_1754_,5.77µm
net625,5.77µm
_0069_,5.76µm
_0963_,5.76µm
_1164_,5.76µm
_1367_,5.76µm
_1757_,5.76µm
_2104_,5.76µm
_0080_,5.71µm
_0368_,5.71µm
_0985_,5.71µm
_1548_,5.71µm
_1823_,5.71µm
_2035_,5.71µm
_2053_,5.71µm
_2453_,5.71µm
net213,5.71µm
u_pc.pc_next\[3\],5.71µm
net622,5.71µm
net641,5.71µm
_0251_,5.7µm
_0261_,5.7µm
_0403_,5.7µm
_0435_,5.7µm
_1106_,5.65µm
_1931_,5.65µm
_2038_,5.65µm
_2242_,5.65µm
_0399_,5.64µm
_0616_,5.64µm
_0677_,5.64µm
_1087_,5.64µm
_1177_,5.64µm
_1743_,5.64µm
_1929_,5.64µm
_2224_,5.64µm
_2343_,5.64µm
net200,5.635µm
net211,5.635µm
net223,5.635µm
_0275_,5.59µm
_1878_,5.59µm
_2232_,5.59µm
_1066_,5.58µm
net777,5.545µm
_0089_,5.54µm
_0215_,5.54µm
_0774_,5.54µm
_1712_,5.54µm
_2098_,5.54µm
_2317_,5.54µm
net613,5.54µm
net731,5.54µm
net745,5.54µm
net787,5.54µm
net791,5.54µm
net806,5.54µm
net812,5.54µm
net826,5.54µm
net865,5.54µm
net887,5.54µm
_0989_,5.53µm
_1664_,5.53µm
_1690_,5.53µm
_1694_,5.53µm
_0656_,5.52µm
_2096_,5.52µm
_0865_,5.48µm
_2082_,5.47µm
_2111_,5.47µm
_2240_,5.47µm
net757,5.47µm
_1640_,5.445µm
_2271_,5.445µm
_1339_,5.4µm
_1722_,5.4µm
_1974_,5.4µm
net210,5.4µm
net649,5.4µm
_0248_,5.385µm
_0836_,5.365µm
_0448_,5.35µm
_0960_,5.35µm
u_pc.pc_next\[19\],5.35µm
_0151_,5.34µm
_0187_,5.34µm
_0207_,5.34µm
_0319_,5.34µm
_0347_,5.34µm
_0467_,5.34µm
_0485_,5.34µm
_0994_,5.34µm
_1351_,5.34µm
_1583_,5.34µm
_1589_,5.34µm
_1740_,5.34µm
_2146_,5.34µm
_2525_,5.34µm
net25,5.34µm
_0247_,5.29µm
_0690_,5.29µm
_0790_,5.29µm
_0952_,5.29µm
_1234_,5.29µm
_1938_,5.29µm
_2039_,5.29µm
net872,5.29µm
_0396_,5.28µm
_0558_,5.28µm
_1632_,5.28µm
_1946_,5.28µm
_2226_,5.28µm
_0263_,5.23µm
_0315_,5.23µm
_0400_,5.23µm
_0409_,5.23µm
net19,5.23µm
net86,5.23µm
net222,5.23µm
net634,5.23µm
_0335_,5.22µm
_0362_,5.22µm
_0374_,5.22µm
_0408_,5.22µm
_0454_,5.22µm
_1286_,5.22µm
_1318_,5.22µm
_1672_,5.22µm
_1985_,5.22µm
net884,5.19µm
_0750_,5.18µm
_0430_,5.16µm
_0717_,5.16µm
_0940_,5.16µm
_1074_,5.16µm
_1127_,5.16µm
_2481_,5.16µm
_1013_,5.155µm
_1317_,5.155µm
_1559_,5.155µm
_1631_,5.155µm
_1986_,5.155µm
u_regfile.regs\[3\]\[7\],5.155µm
net700,5.155µm
_1076_,5.125µm
_1649_,5.1µm
_1926_,5.1µm
_0718_,5.095µm
_0146_,5.06µm
_0257_,5.06µm
_1075_,5.06µm
net655,5.06µm
net666,5.06µm
net672,5.06µm
net702,5.06µm
net704,5.06µm
net718,5.06µm
net762,5.06µm
net767,5.06µm
net774,5.06µm
net828,5.06µm
_0999_,5.05µm
_1007_,5.05µm
_1045_,5.05µm
_1650_,5.05µm
_1759_,5.05µm
_1972_,5.05µm
_2257_,5.05µm
_1122_,5.04µm
_1689_,5µm
_0590_,4.99µm
_0866_,4.99µm
_1357_,4.99µm
_1464_,4.99µm
_1891_,4.99µm
_2075_,4.99µm
u_pc.pc_next\[28\],4.98µm
net819,4.98µm
_1446_,4.965µm
_1577_,4.96µm
_2041_,4.94µm
_1669_,4.92µm
_1741_,4.92µm
_1810_,4.92µm
_1976_,4.92µm
_2020_,4.92µm
_2402_,4.92µm
_2423_,4.92µm
_2464_,4.92µm
net80,4.92µm
_0624_,4.9µm
_0417_,4.87µm
_0449_,4.87µm
_0102_,4.86µm
_0131_,4.86µm
_0269_,4.86µm
_0274_,4.86µm
_0304_,4.86µm
_0339_,4.86µm
_0410_,4.86µm
_0480_,4.86µm
_1320_,4.86µm
_1854_,4.86µm
_2260_,4.86µm
_1257_,4.81µm
_1691_,4.81µm
_2421_,4.81µm
_2526_,4.81µm
net220,4.81µm
u_pc.pc_next\[2\],4.81µm
_2365_,4.8µm
_2139_,4.755µm
_0086_,4.75µm
_0710_,4.75µm
_1006_,4.75µm
_1675_,4.75µm
_1680_,4.75µm
_2336_,4.75µm
net1,4.75µm
_0279_,4.74µm
_0307_,4.74µm
_0316_,4.74µm
_0349_,4.74µm
_0418_,4.74µm
_0436_,4.74µm
_0463_,4.74µm
_0471_,4.74µm
_1003_,4.74µm
_1292_,4.74µm
_1461_,4.74µm
_2085_,4.74µm
_1040_,4.69µm
_0621_,4.68µm
_0682_,4.68µm
_1058_,4.68µm
_1099_,4.68µm
_1287_,4.68µm
_1483_,4.68µm
_1534_,4.68µm
_1725_,4.68µm
_1728_,4.68µm
_1845_,4.68µm
_1885_,4.68µm
_1971_,4.68µm
_1997_,4.68µm
_2019_,4.68µm
_2022_,4.68µm
_2236_,4.68µm
u_pc.pc_next\[18\],4.68µm
_1644_,4.675µm
_2048_,4.675µm
net206,4.675µm
net716,4.675µm
net748,4.675µm
net861,4.675µm
_2318_,4.665µm
_1377_,4.655µm
_2123_,4.62µm
_1842_,4.615µm
_1088_,4.605µm
_0788_,4.58µm
_1011_,4.58µm
net627,4.58µm
net652,4.58µm
net690,4.58µm
net708,4.58µm
net832,4.58µm
net878,4.58µm
_0901_,4.57µm
_1064_,4.57µm
_1235_,4.57µm
_1636_,4.57µm
_1677_,4.57µm
_1870_,4.57µm
_1892_,4.57µm
_2012_,4.57µm
_2061_,4.57µm
_2122_,4.57µm
_2404_,4.57µm
_0037_,4.56µm
_1996_,4.56µm
_1174_,4.52µm
_0658_,4.51µm
_0962_,4.51µm
_0998_,4.51µm
_1197_,4.51µm
_1437_,4.51µm
_0457_,4.5µm
_1778_,4.5µm
net204,4.485µm
_0281_,4.44µm
_0686_,4.44µm
_1124_,4.44µm
_1179_,4.44µm
_1336_,4.44µm
_1394_,4.44µm
_1638_,4.44µm
_1723_,4.44µm
_1750_,4.44µm
_2058_,4.44µm
_2094_,4.44µm
u_pc.pc_next\[26\],4.44µm
_0524_,4.425µm
_0219_,4.39µm
_0068_,4.38µm
_0149_,4.38µm
_0168_,4.38µm
_0205_,4.38µm
_0286_,4.38µm
_0320_,4.38µm
_0321_,4.38µm
_0350_,4.38µm
_0384_,4.38µm
_0398_,4.38µm
_0447_,4.38µm
_1104_,4.38µm
_1180_,4.38µm
_1260_,4.38µm
_1597_,4.38µm
_1729_,4.38µm
_2344_,4.38µm
_2357_,4.38µm
_2360_,4.38µm
_2408_,4.38µm
_2414_,4.38µm
_2470_,4.38µm
_2531_,4.38µm
net854,4.38µm
net876,4.38µm
_0045_,4.33µm
_0225_,4.33µm
_1070_,4.33µm
_1098_,4.33µm
_1226_,4.33µm
_2251_,4.33µm
_0700_,4.32µm
_0805_,4.32µm
_0843_,4.32µm
_0966_,4.32µm
_1212_,4.32µm
_1619_,4.32µm
_1661_,4.32µm
_1865_,4.32µm
_1906_,4.32µm
_2215_,4.32µm
_0439_,4.29µm
_0729_,4.27µm
_0771_,4.27µm
_1375_,4.27µm
_1490_,4.27µm
_1812_,4.27µm
_2154_,4.27µm
_0265_,4.26µm
_0290_,4.26µm
_0291_,4.26µm
_0299_,4.26µm
_0314_,4.26µm
_0323_,4.26µm
_0332_,4.26µm
_0340_,4.26µm
_0392_,4.26µm
_0433_,4.26µm
_0458_,4.26µm
_0464_,4.26µm
_0468_,4.26µm
_0477_,4.26µm
_0478_,4.26µm
_0479_,4.26µm
_0819_,4.26µm
_1196_,4.26µm
_1557_,4.26µm
_1837_,4.26µm
_2259_,4.26µm
_2419_,4.26µm
net687,4.26µm
_2219_,4.22µm
_1760_,4.21µm
_2493_,4.21µm
_0048_,4.2µm
_0099_,4.2µm
_0282_,4.2µm
_1170_,4.2µm
_1306_,4.2µm
net647,4.2µm
net829,4.2µm
_0079_,4.195µm
_0191_,4.195µm
_1207_,4.195µm
_2287_,4.195µm
net201,4.195µm
_1009_,4.185µm
_0364_,4.17µm
_1110_,4.14µm
_1078_,4.135µm
_1109_,4.125µm
_2141_,4.125µm
_0027_,4.1µm
_0127_,4.1µm
_0137_,4.1µm
_0174_,4.1µm
_0179_,4.1µm
_1086_,4.1µm
_1868_,4.1µm
_2067_,4.1µm
net617,4.1µm
net694,4.1µm
net717,4.1µm
net781,4.1µm
_0166_,4.09µm
_0184_,4.09µm
_0665_,4.09µm
_1033_,4.09µm
_1143_,4.09µm
_1187_,4.09µm
_1279_,4.09µm
_1341_,4.09µm
_1933_,4.09µm
_1956_,4.09µm
_2042_,4.09µm
_2044_,4.09µm
_2213_,4.09µm
net643,4.09µm
net847,4.09µm
_0812_,4.08µm
_1890_,4.08µm
_2063_,4.08µm
_2140_,4.08µm
_0010_,4.04µm
_0245_,4.04µm
_1781_,4.035µm
_1015_,4.02µm
_1517_,4.02µm
_2196_,3.99µm
_0975_,3.97µm
_0023_,3.96µm
_0034_,3.96µm
_0058_,3.96µm
_0201_,3.96µm
_0733_,3.96µm
_1053_,3.96µm
_1057_,3.96µm
_1062_,3.96µm
_1218_,3.96µm
_1412_,3.96µm
_1746_,3.96µm
_1886_,3.96µm
_1958_,3.96µm
_2106_,3.96µm
_2403_,3.96µm
net626,3.96µm
_2275_,3.945µm
net224,3.945µm
_0001_,3.9µm
_0011_,3.9µm
_0013_,3.9µm
_0015_,3.9µm
_0053_,3.9µm
_0055_,3.9µm
_0115_,3.9µm
_0128_,3.9µm
_0142_,3.9µm
_0147_,3.9µm
_0223_,3.9µm
_0233_,3.9µm
_0235_,3.9µm
_0302_,3.9µm
_0310_,3.9µm
_0317_,3.9µm
_0318_,3.9µm
_0402_,3.9µm
_0432_,3.9µm
_0473_,3.9µm
_0481_,3.9µm
_0646_,3.9µm
_0789_,3.9µm
_0919_,3.9µm
_1121_,3.9µm
_1350_,3.9µm
_1678_,3.9µm
_1697_,3.9µm
_1806_,3.9µm
_2137_,3.9µm
_2193_,3.9µm
_2248_,3.9µm
_2267_,3.9µm
_2276_,3.9µm
_2528_,3.9µm
net82,3.9µm
net202,3.9µm
u_pc.pc_next\[27\],3.9µm
u_regfile.regs\[6\]\[3\],3.9µm
net635,3.9µm
_1970_,3.87µm
net10,3.85µm
_1019_,3.84µm
_1139_,3.84µm
_1549_,3.84µm
_1685_,3.84µm
_1928_,3.84µm
_2043_,3.84µm
_0158_,3.815µm
_1141_,3.8µm
_0306_,3.78µm
_0337_,3.78µm
_0394_,3.78µm
_0976_,3.78µm
_1145_,3.78µm
_1676_,3.78µm
_2221_,3.78µm
_0004_,3.72µm
_0035_,3.72µm
_0042_,3.72µm
_0072_,3.72µm
_0104_,3.72µm
_0109_,3.72µm
_0122_,3.72µm
_0129_,3.72µm
_0141_,3.72µm
_0154_,3.72µm
_0169_,3.72µm
_0180_,3.72µm
_0192_,3.72µm
_0196_,3.72µm
_0197_,3.72µm
_0237_,3.72µm
_0244_,3.72µm
_0250_,3.72µm
_0255_,3.72µm
_2005_,3.72µm
_2371_,3.72µm
_2451_,3.72µm
net638,3.72µm
_0000_,3.715µm
_0039_,3.715µm
_0061_,3.715µm
_0067_,3.715µm
_0084_,3.715µm
_0094_,3.715µm
_0100_,3.715µm
_0148_,3.715µm
_0188_,3.715µm
_0218_,3.715µm
_0259_,3.715µm
_0760_,3.715µm
_1366_,3.715µm
_2114_,3.715µm
_2466_,3.715µm
_1219_,3.7µm
_1008_,3.665µm
_1175_,3.66µm
_1444_,3.66µm
_2051_,3.66µm
_2091_,3.655µm
_0661_,3.645µm
_1012_,3.63µm
_2190_,3.63µm
_2247_,3.625µm
_0003_,3.62µm
_0012_,3.62µm
_0026_,3.62µm
_0029_,3.62µm
_0031_,3.62µm
_0032_,3.62µm
_0033_,3.62µm
_0056_,3.62µm
_0063_,3.62µm
_0074_,3.62µm
_0081_,3.62µm
_0083_,3.62µm
_0093_,3.62µm
_0095_,3.62µm
_0097_,3.62µm
_0101_,3.62µm
_0107_,3.62µm
_0111_,3.62µm
_0121_,3.62µm
_0123_,3.62µm
_0124_,3.62µm
_0125_,3.62µm
_0133_,3.62µm
_0156_,3.62µm
_0167_,3.62µm
_0175_,3.62µm
_0177_,3.62µm
_0181_,3.62µm
_0182_,3.62µm
_0185_,3.62µm
_0202_,3.62µm
_0206_,3.62µm
_0208_,3.62µm
_0211_,3.62µm
_0212_,3.62µm
_0226_,3.62µm
_0230_,3.62µm
_0234_,3.62µm
_0236_,3.62µm
_0238_,3.62µm
_0935_,3.62µm
_1114_,3.62µm
_2366_,3.62µm
net640,3.62µm
net807,3.62µm
net877,3.62µm
_0924_,3.61µm
_0950_,3.61µm
_1018_,3.61µm
_1192_,3.61µm
_1499_,3.61µm
_1568_,3.61µm
_1692_,3.61µm
_1727_,3.61µm
_1736_,3.61µm
_1884_,3.61µm
_2027_,3.61µm
_2049_,3.61µm
_2204_,3.61µm
_2237_,3.61µm
_2437_,3.61µm
net74,3.61µm
_2057_,3.6µm
net226,3.6µm
_1866_,3.585µm
_0859_,3.55µm
_0297_,3.54µm
_0455_,3.54µm
_0199_,3.52µm
_0040_,3.48µm
_0139_,3.48µm
_0163_,3.48µm
_0172_,3.48µm
_0190_,3.48µm
_0198_,3.48µm
_0204_,3.48µm
_0222_,3.48µm
_0491_,3.48µm
_1059_,3.48µm
_1077_,3.48µm
_1173_,3.48µm
_1343_,3.48µm
_1445_,3.48µm
_1708_,3.48µm
_1719_,3.48µm
_1785_,3.48µm
_1859_,3.48µm
_1876_,3.48µm
_1954_,3.48µm
_1982_,3.48µm
_2013_,3.48µm
_2311_,3.48µm
_2515_,3.48µm
_2530_,3.48µm
net109,3.48µm
u_regfile.regs\[5\]\[14\],3.48µm
_2197_,3.46µm
_1100_,3.45µm
_0041_,3.42µm
_0062_,3.42µm
_0078_,3.42µm
_0135_,3.42µm
_0159_,3.42µm
_0160_,3.42µm
_0195_,3.42µm
_0210_,3.42µm
_0242_,3.42µm
_0260_,3.42µm
_0293_,3.42µm
_0309_,3.42µm
_0313_,3.42µm
_0324_,3.42µm
_0325_,3.42µm
_0338_,3.42µm
_0371_,3.42µm
_0373_,3.42µm
_0382_,3.42µm
_0387_,3.42µm
_0391_,3.42µm
_0397_,3.42µm
_0450_,3.42µm
_0456_,3.42µm
_0460_,3.42µm
_0474_,3.42µm
_0487_,3.42µm
_0821_,3.42µm
_0858_,3.42µm
_1042_,3.42µm
_1047_,3.42µm
_1342_,3.42µm
_1514_,3.42µm
_1522_,3.42µm
_1569_,3.42µm
_1773_,3.42µm
_1858_,3.42µm
_1917_,3.42µm
_1942_,3.42µm
_1945_,3.42µm
_2003_,3.42µm
_2273_,3.42µm
_2378_,3.42µm
_2429_,3.42µm
_2483_,3.42µm
net11,3.42µm
net17,3.42µm
net18,3.42µm
net134,3.42µm
u_pc.pc_next\[20\],3.42µm
_1966_,3.41µm
_0240_,3.4µm
_1605_,3.36µm
_2093_,3.36µm
_2105_,3.36µm
_1907_,3.31µm
_0065_,3.3µm
_0105_,3.3µm
_0110_,3.3µm
_0113_,3.3µm
_0126_,3.3µm
_0144_,3.3µm
_0173_,3.3µm
_0203_,3.3µm
_0209_,3.3µm
_0224_,3.3µm
_0227_,3.3µm
_0229_,3.3µm
_0231_,3.3µm
_0241_,3.3µm
_0249_,3.3µm
_0253_,3.3µm
_0256_,3.3µm
_0138_,3.24µm
_1043_,3.24µm
_1648_,3.24µm
_1916_,3.24µm
_2468_,3.24µm
net852,3.24µm
_0990_,3.235µm
_1157_,3.235µm
_1285_,3.235µm
_1595_,3.235µm
_1829_,3.235µm
_1936_,3.235µm
net209,3.235µm
_2115_,3.225µm
_2151_,3.225µm
_2188_,3.225µm
_1016_,3.18µm
_1140_,3.18µm
_1582_,3.18µm
_2065_,3.18µm
_0853_,3.175µm
_1093_,3.14µm
_1621_,3.14µm
_1693_,3.14µm
_1755_,3.14µm
_2066_,3.14µm
_2084_,3.14µm
_2229_,3.14µm
_2434_,3.14µm
net645,3.14µm
net849,3.14µm
net866,3.14µm
_0641_,3.13µm
_0708_,3.13µm
_0756_,3.13µm
_1144_,3.13µm
_1146_,3.13µm
_1294_,3.13µm
_1301_,3.13µm
_1788_,3.13µm
_1838_,3.13µm
_1925_,3.13µm
_2092_,3.13µm
_2225_,3.13µm
_2101_,3.06µm
u_pc.pc_next\[12\],3.06µm
net870,3.06µm
_1668_,3.01µm
_0008_,3µm
_0009_,3µm
_0022_,3µm
_0043_,3µm
_0046_,3µm
_0059_,3µm
_0073_,3µm
_0085_,3µm
_0092_,3µm
_0143_,3µm
_0155_,3µm
_0200_,3µm
_0214_,3µm
_0246_,3µm
_0254_,3µm
_0579_,3µm
_0697_,3µm
_1030_,3µm
_1046_,3µm
_1354_,3µm
_1579_,3µm
_1699_,3µm
_1794_,3µm
_1843_,3µm
_1861_,3µm
_1995_,3µm
_2002_,3µm
_2025_,3µm
_2036_,3µm
_2382_,3µm
_2448_,3µm
net639,3µm
net644,3µm
net859,3µm
net890,3µm
_1844_,2.985µm
_0002_,2.94µm
_0025_,2.94µm
_0028_,2.94µm
_0050_,2.94µm
_0070_,2.94µm
_0075_,2.94µm
_0082_,2.94µm
_0096_,2.94µm
_0132_,2.94µm
_0140_,2.94µm
_0161_,2.94µm
_0171_,2.94µm
_0178_,2.94µm
_0193_,2.94µm
_0221_,2.94µm
_0239_,2.94µm
_0277_,2.94µm
_0378_,2.94µm
_0443_,2.94µm
_0446_,2.94µm
_0452_,2.94µm
_0462_,2.94µm
_0648_,2.94µm
_0780_,2.94µm
_0943_,2.94µm
_0971_,2.94µm
_1096_,2.94µm
_1270_,2.94µm
_1439_,2.94µm
_1520_,2.94µm
_1635_,2.94µm
_1714_,2.94µm
_1787_,2.94µm
_1962_,2.94µm
u_pc.pc_next\[25\],2.94µm
_0270_,2.85µm
_0295_,2.85µm
_1084_,2.76µm
_1646_,2.76µm
_1973_,2.76µm
_2155_,2.76µm
_2167_,2.76µm
_2174_,2.76µm
_2473_,2.76µm
_0663_,2.755µm
_0979_,2.755µm
_1316_,2.755µm
_1732_,2.755µm
_2312_,2.755µm
_2482_,2.755µm
net219,2.755µm
_0272_,2.73µm
_0987_,2.73µm
_1079_,2.73µm
_1819_,2.73µm
_1968_,2.72µm
_1779_,2.7µm
_0484_,2.685µm
_0526_,2.66µm
_1085_,2.66µm
_1775_,2.66µm
u_pc.pc_next\[23\],2.66µm
_0893_,2.65µm
_0970_,2.65µm
_2010_,2.65µm
_2108_,2.65µm
u_pc.pc_next\[29\],2.64µm
_1090_,2.59µm
_0470_,2.58µm
u_pc.pc_next\[5\],2.58µm
u_pc.pc_next\[7\],2.58µm
_0038_,2.52µm
_0051_,2.52µm
_0052_,2.52µm
_0054_,2.52µm
_0057_,2.52µm
_0064_,2.52µm
_0066_,2.52µm
_0071_,2.52µm
_0077_,2.52µm
_0176_,2.52µm
_0243_,2.52µm
_0880_,2.52µm
_1002_,2.52µm
_1004_,2.52µm
_1089_,2.52µm
_1161_,2.52µm
_1183_,2.52µm
_1229_,2.52µm
_1236_,2.52µm
_1466_,2.52µm
_1903_,2.52µm
_1910_,2.52µm
_1927_,2.52µm
_2018_,2.52µm
_2168_,2.52µm
_2182_,2.52µm
_2212_,2.52µm
_2446_,2.52µm
_2527_,2.52µm
_0845_,2.45µm
_2206_,2.415µm
_0381_,2.37µm
_0445_,2.37µm
_1410_,2.325µm
_0883_,2.28µm
_1067_,2.28µm
_1227_,2.28µm
_1492_,2.28µm
_1711_,2.28µm
_2077_,2.28µm
_2200_,2.28µm
_2445_,2.28µm
_2457_,2.28µm
net875,2.28µm
_0778_,2.275µm
_1855_,2.275µm
_1874_,2.275µm
_2009_,2.275µm
_2074_,2.275µm
_2078_,2.275µm
_0423_,2.22µm
_0572_,2.22µm
_2159_,2.22µm
_0996_,2.18µm
_1776_,2.18µm
_1930_,2.18µm
_2209_,2.18µm
net863,2.18µm
_0401_,2.17µm
_0476_,2.17µm
_0753_,2.17µm
_0934_,2.17µm
_1024_,2.17µm
_1679_,2.17µm
_1831_,2.17µm
_2305_,2.17µm
_1949_,2.12µm
_2331_,2.1µm
u_pc.pc_next\[31\],2.1µm
_1137_,2.07µm
_2136_,2.07µm
_2330_,1.92µm
net868,1.92µm
net879,1.92µm
_0360_,1.89µm
_1056_,1.875µm
_1118_,1.86µm
_1705_,1.86µm
_1851_,1.86µm
_1921_,1.86µm
_2428_,1.86µm
_2393_,1.805µm
_0262_,1.8µm
_0267_,1.8µm
_0271_,1.8µm
_0283_,1.8µm
_0284_,1.8µm
_0285_,1.8µm
_0287_,1.8µm
_0289_,1.8µm
_0292_,1.8µm
_0294_,1.8µm
_0296_,1.8µm
_0298_,1.8µm
_0300_,1.8µm
_0301_,1.8µm
_0303_,1.8µm
_0305_,1.8µm
_0312_,1.8µm
_0326_,1.8µm
_0333_,1.8µm
_0342_,1.8µm
_0344_,1.8µm
_0358_,1.8µm
_0370_,1.8µm
_0372_,1.8µm
_0380_,1.8µm
_0385_,1.8µm
_0389_,1.8µm
_0390_,1.8µm
_0395_,1.8µm
_0406_,1.8µm
_0444_,1.8µm
_0469_,1.8µm
_0603_,1.8µm
_0730_,1.8µm
_0873_,1.8µm
_0908_,1.8µm
_0961_,1.8µm
_0980_,1.8µm
_1112_,1.8µm
_1201_,1.8µm
_1253_,1.8µm
_1515_,1.8µm
_1724_,1.8µm
_1764_,1.8µm
_1807_,1.8µm
_1853_,1.8µm
_1880_,1.8µm
_1901_,1.8µm
_1932_,1.8µm
_2014_,1.8µm
_2033_,1.8µm
_2076_,1.8µm
_2080_,1.8µm
_2134_,1.8µm
_2278_,1.8µm
_2284_,1.8µm
_2307_,1.8µm
_2326_,1.8µm
_2363_,1.8µm
_2377_,1.8µm
_2381_,1.8µm
_2463_,1.8µm
_2475_,1.8µm
net77,1.8µm
_2416_,1.745µm
_1586_,1.585µm
_1718_,1.44µm
u_pc.pc_next\[24\],1.44µm
net846,1.44µm
_1879_,1.4µm
_0684_,1.38µm
_0894_,1.38µm
_1123_,1.38µm
_1496_,1.38µm
_1701_,1.38µm
_1964_,1.38µm
_1991_,1.38µm
_2148_,1.38µm
_2180_,1.38µm
_2350_,1.38µm
u_regfile.regs\[3\]\[4\],1.38µm
_0984_,0.96µm
_1022_,0.96µm
_1128_,0.96µm
_1696_,0.96µm
_2199_,0.96µm
net650,0.96µm
